shot,start,end,duration_sec,chapter,line,voiceover_en,voiceover_ru,shot_ru
0001,0:00,0:01,1.5,Intro,001,"One night, the world as we knew it simply ended.",Однажды ночью привычный мир закончился.,"Чёрный экран, тишина, слышен только ветер."
0002,0:01,0:02,1.5,Intro,001,"One night, the world as we knew it simply ended.",Однажды ночью привычный мир закончился.,"Из темноты проступает ночной город, вид с высоты."
0003,0:02,0:04,1.5,Intro,001,"One night, the world as we knew it simply ended.",Однажды ночью привычный мир закончился.,В окнах один за другим гаснет свет.
0004,0:04,0:06,2.0,Intro,002,Not because of a war. Not because of a meteor. Because of a fungus.,"Не из-за войны и не из-за метеорита, а из-за гриба.",Ракета на стартовом столе — её перечёркивает красный крест.
0005,0:06,0:08,2.0,Intro,002,Not because of a war. Not because of a meteor. Because of a fungus.,"Не из-за войны и не из-за метеорита, а из-за гриба.",Метеорит в небе — тоже перечёркнут.
0006,0:08,0:10,2.0,Intro,002,Not because of a war. Not because of a meteor. Because of a fungus.,"Не из-за войны и не из-за метеорита, а из-за гриба.",Резкий наезд: белые нити грибницы ползут по стене.
0007,0:10,0:12,2.1,Intro,003,"Twenty years later, all that's left of America is ruins, swallowed by grass and vines.","Двадцать лет спустя от прежней Америки остались только руины, заросшие травой.",Пролёт камеры над мёртвым мегаполисом.
0008,0:12,0:14,2.1,Intro,003,"Twenty years later, all that's left of America is ruins, swallowed by grass and vines.","Двадцать лет спустя от прежней Америки остались только руины, заросшие травой.","Небоскрёбы, оплетённые плющом, ближе."
0009,0:14,0:16,2.1,Intro,003,"Twenty years later, all that's left of America is ruins, swallowed by grass and vines.","Двадцать лет спустя от прежней Америки остались только руины, заросшие травой.",По пустой улице неспешно бредёт олень.
0010,0:16,0:19,2.5,Intro,004,"People hide behind walls, fight over the last bullets, and fear each other as much as the monsters.","Люди прячутся за стенами, делят последние патроны и боятся друг друга не меньше, чем чудовищ.","Бетонная стена с вышками, лучи прожекторов режут туман."
0011,0:19,0:21,2.5,Intro,004,"People hide behind walls, fight over the last bullets, and fear each other as much as the monsters.","Люди прячутся за стенами, делят последние патроны и боятся друг друга не меньше, чем чудовищ.",Двое вырывают друг у друга коробку патронов.
0012,0:21,0:24,2.5,Intro,004,"People hide behind walls, fight over the last bullets, and fear each other as much as the monsters.","Люди прячутся за стенами, делят последние патроны и боятся друг друга не меньше, чем чудовищ.",Из темноты за дракой следит дёрганый силуэт заражённого.
0013,0:24,0:27,2.7,Intro,005,"And in the middle of this world, one tired, bitter man gets a job that seems simple at first.","И посреди этого мира один уставший, озлобленный человек получает задание, которое на первый взгляд кажется простым.",Мужчина с проседью в бороде закидывает рюкзак на плечо.
0014,0:27,0:29,2.7,Intro,005,"And in the middle of this world, one tired, bitter man gets a job that seems simple at first.","И посреди этого мира один уставший, озлобленный человек получает задание, которое на первый взгляд кажется простым.","Крупно: усталый, жёсткий взгляд."
0015,0:29,0:32,2.7,Intro,005,"And in the middle of this world, one tired, bitter man gets a job that seems simple at first.","И посреди этого мира один уставший, озлобленный человек получает задание, которое на первый взгляд кажется простым.",Чья-то рука протягивает ему сложенную карту.
0016,0:32,0:34,1.8,Intro,006,Take a fourteen-year-old girl across the entire country.,Провести через всю страну четырнадцатилетнюю девочку.,Рядом с ним встаёт девочка-подросток с рюкзаком.
0017,0:34,0:36,1.8,Intro,006,Take a fourteen-year-old girl across the entire country.,Провести через всю страну четырнадцатилетнюю девочку.,Карта США: пунктир маршрута перечёркивает всю страну.
0018,0:36,0:38,2.2,Intro,007,A girl who might hold the key to saving humanity.,"Девочку, в которой, возможно, спрятано спасение всего человечества.",Крупно: предплечье девочки со старым шрамом от укуса.
0019,0:38,0:40,2.2,Intro,007,A girl who might hold the key to saving humanity.,"Девочку, в которой, возможно, спрятано спасение всего человечества.","На шрам падает луч света, вспышка."
0020,0:40,0:42,2.5,Intro,008,This is The Last of Us — one of the most powerful stories ever told in a video game.,"Это The Last of Us — одна из самых сильных историй, когда-либо рассказанных в видеоиграх.",Название «The Last of Us» проступает на ржавом дорожном указателе.
0021,0:42,0:45,2.5,Intro,008,This is The Last of Us — one of the most powerful stories ever told in a video game.,"Это The Last of Us — одна из самых сильных историй, когда-либо рассказанных в видеоиграх.","Крупно: по буквам ползёт плющ, сквозь них бьёт солнце."
0022,0:45,0:48,2.5,Intro,008,This is The Last of Us — one of the most powerful stories ever told in a video game.,"Это The Last of Us — одна из самых сильных историй, когда-либо рассказанных в видеоиграх.","Камера отъезжает: указатель зарос травой, вокруг руины."
0023,0:48,0:50,2.9,Intro,009,"Naughty Dog released the game in 2013; it won hundreds of awards, and ten years later it became a TV series.","Игра студии Naughty Dog вышла в 2013 году, собрала сотни наград, а спустя десять лет по ней сняли сериал.","Коробка с игрой вращается в луче света, крупно «2013»."
0024,0:50,0:53,2.9,Intro,009,"Naughty Dog released the game in 2013; it won hundreds of awards, and ten years later it became a TV series.","Игра студии Naughty Dog вышла в 2013 году, собрала сотни наград, а спустя десять лет по ней сняли сериал.",На экран сыплется дождь из статуэток наград и золотых звёзд.
0025,0:53,0:56,2.9,Intro,009,"Naughty Dog released the game in 2013; it won hundreds of awards, and ten years later it became a TV series.","Игра студии Naughty Dog вышла в 2013 году, собрала сотни наград, а спустя десять лет по ней сняли сериал.","Щёлкает кинохлопушка, надпись «10 лет спустя»."
0026,0:56,0:58,1.4,Intro,010,"It has everything: loss, betrayal, monsters, people scarier than monsters, and an ending fans still argue about.","В ней будет всё: потери, предательство, чудовища, люди страшнее любых чудовищ и финал, о котором спорят до сих пор.",Быстрый монтаж: треснувшие часы.
0027,0:58,0:59,1.4,Intro,010,"It has everything: loss, betrayal, monsters, people scarier than monsters, and an ending fans still argue about.","В ней будет всё: потери, предательство, чудовища, люди страшнее любых чудовищ и финал, о котором спорят до сих пор.",Лезвие ножа блестит в темноте.
0028,0:59,1:01,1.4,Intro,010,"It has everything: loss, betrayal, monsters, people scarier than monsters, and an ending fans still argue about.","В ней будет всё: потери, предательство, чудовища, люди страшнее любых чудовищ и финал, о котором спорят до сих пор.",Щелкун резко поворачивает голову к камере.
0029,1:01,1:02,1.4,Intro,010,"It has everything: loss, betrayal, monsters, people scarier than monsters, and an ending fans still argue about.","В ней будет всё: потери, предательство, чудовища, люди страшнее любых чудовищ и финал, о котором спорят до сих пор.",Человек с ружьём в дверном проёме против света.
0030,1:02,1:04,1.4,Intro,010,"It has everything: loss, betrayal, monsters, people scarier than monsters, and an ending fans still argue about.","В ней будет всё: потери, предательство, чудовища, люди страшнее любых чудовищ и финал, о котором спорят до сих пор.",Экран раскалывается пополам: два силуэта спорят.
0031,1:04,1:06,2.5,Intro,011,"If you've never played it, don't worry — you're about to hear the whole story from start to finish.",Если вы не играли — не страшно: сейчас вы узнаете эту историю от начала до конца.,Камера медленно приближается к костру в ночном лесу.
0032,1:06,1:09,2.5,Intro,011,"If you've never played it, don't worry — you're about to hear the whole story from start to finish.",Если вы не играли — не страшно: сейчас вы узнаете эту историю от начала до конца.,Искры поднимаются вверх и превращаются в звёзды.
0033,1:09,1:11,2.5,Intro,011,"If you've never played it, don't worry — you're about to hear the whole story from start to finish.",Если вы не играли — не страшно: сейчас вы узнаете эту историю от начала до конца.,Из искр складываются силуэты двух путников на дороге.
0034,1:11,1:14,2.4,Intro,012,And it begins in Texas.,А начинается она в Техасе.,"Карта США, резкий наезд на Техас."
0035,1:15,1:17,2.4,Prologue: The Night Everything Fell Apart,013,"A suburb of Austin, 2013.","Пригород Остина, 2013 год.","Тихая улица одноэтажных домов, вечер, титр «Остин, Техас. 2013»."
0036,1:17,1:19,2.2,Prologue: The Night Everything Fell Apart,014,Joel Miller is a construction worker and a single dad.,Джоэл Миллер — строитель и отец-одиночка.,Джоэл в рабочей рубашке выходит из пикапа.
0037,1:19,1:21,2.2,Prologue: The Night Everything Fell Apart,014,Joel Miller is a construction worker and a single dad.,Джоэл Миллер — строитель и отец-одиночка.,Бросает ключи на тумбочку в прихожей.
0038,1:21,1:23,1.4,Prologue: The Night Everything Fell Apart,015,"He's raising his twelve-year-old daughter, Sarah.",Он растит двенадцатилетнюю дочь Сару.,Сара дремлет на диване перед включённым телевизором.
0039,1:23,1:24,1.4,Prologue: The Night Everything Fell Apart,015,"He's raising his twelve-year-old daughter, Sarah.",Он растит двенадцатилетнюю дочь Сару.,Фото на стене: Джоэл и маленькая Сара смеются.
0040,1:24,1:27,2.4,Prologue: The Night Everything Fell Apart,016,"It's Joel's birthday, but he gets home late, completely worn out.","В этот день у Джоэла день рождения, но с работы он возвращается поздно и вымотанным до предела.",Часы на стене показывают почти полночь.
0041,1:27,1:29,2.4,Prologue: The Night Everything Fell Apart,016,"It's Joel's birthday, but he gets home late, completely worn out.","В этот день у Джоэла день рождения, но с работы он возвращается поздно и вымотанным до предела.",Джоэл устало трёт глаза.
0042,1:29,1:31,2.1,Prologue: The Night Everything Fell Apart,017,Sarah is still up — she waited for him so she could give him a present.,"Сара не спит: она дождалась отца, чтобы вручить подарок.",Сара вскакивает с дивана.
0043,1:31,1:33,2.1,Prologue: The Night Everything Fell Apart,017,Sarah is still up — she waited for him so she could give him a present.,"Сара не спит: она дождалась отца, чтобы вручить подарок.",Прячет что-то за спиной и хитро улыбается.
0044,1:33,1:35,2.1,Prologue: The Night Everything Fell Apart,017,Sarah is still up — she waited for him so she could give him a present.,"Сара не спит: она дождалась отца, чтобы вручить подарок.",Она торжественно протягивает отцу коробочку.
0045,1:35,1:37,1.6,Prologue: The Night Everything Fell Apart,018,It's a wristwatch.,Это наручные часы.,Крупно: простые наручные часы в открытой коробочке.
0046,1:37,1:40,2.9,Prologue: The Night Everything Fell Apart,019,"Joel pretends to be strict and asks where she got the money, and Sarah just jokes her way out of it.","Джоэл притворно строго спрашивает, откуда у неё деньги, а Сара с невинным видом отшучивается.","Джоэл поднимает бровь, изображая строгость."
0047,1:40,1:43,2.9,Prologue: The Night Everything Fell Apart,019,"Joel pretends to be strict and asks where she got the money, and Sarah just jokes her way out of it.","Джоэл притворно строго спрашивает, откуда у неё деньги, а Сара с невинным видом отшучивается.",Сара невинно пожимает плечами.
0048,1:43,1:46,2.9,Prologue: The Night Everything Fell Apart,019,"Joel pretends to be strict and asks where she got the money, and Sarah just jokes her way out of it.","Джоэл притворно строго спрашивает, откуда у неё деньги, а Сара с невинным видом отшучивается.",Оба смеются.
0049,1:46,1:48,2.4,Prologue: The Night Everything Fell Apart,020,"They fall asleep together on the couch, watching an old movie.",Они вместе засыпают на диване под старый фильм.,Мерцающий свет телевизора на их лицах.
0050,1:48,1:51,2.4,Prologue: The Night Everything Fell Apart,020,"They fall asleep together on the couch, watching an old movie.",Они вместе засыпают на диване под старый фильм.,Сара засыпает у отца на плече.
0051,1:51,1:53,2.8,Prologue: The Night Everything Fell Apart,021,Joel carries his daughter to bed.,Джоэл бережно относит дочь в кровать.,Джоэл несёт спящую Сару по тёмному коридору.
0052,1:53,1:55,1.8,Prologue: The Night Everything Fell Apart,022,It's the last peaceful evening of their lives.,Это последний спокойный вечер в их жизни.,Камера отъезжает от окна детской.
0053,1:55,1:57,1.8,Prologue: The Night Everything Fell Apart,022,It's the last peaceful evening of their lives.,Это последний спокойный вечер в их жизни.,Свет в доме гаснет.
0054,1:57,1:59,2.2,Prologue: The Night Everything Fell Apart,023,"From here on, we see the night through Sarah's eyes.",Дальше мы видим эту ночь глазами Сары.,Камера опускается на уровень глаз ребёнка.
0055,1:59,2:01,2.2,Prologue: The Night Everything Fell Apart,023,"From here on, we see the night through Sarah's eyes.",Дальше мы видим эту ночь глазами Сары.,"Всё вокруг становится огромным и пугающим: тёмный коридор, высокие двери."
0056,2:01,2:04,2.6,Prologue: The Night Everything Fell Apart,024,"In the middle of the night, a phone call wakes Sarah up.",Посреди ночи Сару будит телефонный звонок.,"Тёмная спальня, телефон на тумбочке вибрирует и светится."
0057,2:04,2:07,2.6,Prologue: The Night Everything Fell Apart,024,"In the middle of the night, a phone call wakes Sarah up.",Посреди ночи Сару будит телефонный звонок.,Сара открывает глаза.
0058,2:07,2:09,2.8,Prologue: The Night Everything Fell Apart,025,"It's Uncle Tommy, Joel's younger brother.","Звонит дядя Томми, младший брат Джоэла.",На экране телефона надпись «Дядя Томми».
0059,2:09,2:11,2.1,Prologue: The Night Everything Fell Apart,026,His voice is shaking; he asks where her dad is — and the line goes dead.,"Его голос дрожит, он спрашивает, где отец, — и связь обрывается.",Сара сонно прижимает трубку к уху.
0060,2:11,2:14,2.1,Prologue: The Night Everything Fell Apart,026,His voice is shaking; he asks where her dad is — and the line goes dead.,"Его голос дрожит, он спрашивает, где отец, — и связь обрывается.",Крупно: встревоженные глаза Сары.
0061,2:14,2:16,2.1,Prologue: The Night Everything Fell Apart,026,His voice is shaking; he asks where her dad is — and the line goes dead.,"Его голос дрожит, он спрашивает, где отец, — и связь обрывается.","Крупно: экран телефона гаснет, короткие гудки."
0062,2:16,2:19,2.8,Prologue: The Night Everything Fell Apart,027,"Sarah walks through the empty house, calling for her dad, but nobody answers.","Сара идёт по пустому дому и зовёт папу, но никто не отвечает.",Девочка в пижаме в полутёмном коридоре.
0063,2:19,2:21,2.8,Prologue: The Night Everything Fell Apart,027,"Sarah walks through the empty house, calling for her dad, but nobody answers.","Сара идёт по пустому дому и зовёт папу, но никто не отвечает.","Приоткрытая дверь спальни отца, кровать пуста."
0064,2:21,2:24,2.4,Prologue: The Night Everything Fell Apart,028,"Outside, sirens wail as police cars race past, one after another.","За окном воют сирены, по улице одна за другой проносятся полицейские машины.",Окно: мимо проносятся машины с мигалками.
0065,2:24,2:26,2.4,Prologue: The Night Everything Fell Apart,028,"Outside, sirens wail as police cars race past, one after another.","За окном воют сирены, по улице одна за другой проносятся полицейские машины.",Красно-синие блики пробегают по стенам комнаты.
0066,2:26,2:29,2.6,Prologue: The Night Everything Fell Apart,029,A breaking news report talks about overflowing hospitals and people attacking strangers.,"В экстренном выпуске новостей говорят о переполненных больницах и о людях, которые нападают на прохожих.","Экран телевизора: ведущая, бегущая строка «Срочно»."
0067,2:29,2:31,2.6,Prologue: The Night Everything Fell Apart,029,A breaking news report talks about overflowing hospitals and people attacking strangers.,"В экстренном выпуске новостей говорят о переполненных больницах и о людях, которые нападают на прохожих.",Кадры давки у входа в больницу.
0068,2:31,2:33,1.6,Prologue: The Night Everything Fell Apart,030,Then an explosion goes off somewhere close.,А потом где-то совсем рядом гремит взрыв.,Стёкла дрожат.
0069,2:33,2:35,1.6,Prologue: The Night Everything Fell Apart,030,Then an explosion goes off somewhere close.,А потом где-то совсем рядом гремит взрыв.,За окном вспыхивает оранжевое зарево.
0070,2:35,2:37,2.2,Prologue: The Night Everything Fell Apart,031,"Joel bursts in — pale, with a pistol in his hand.","В дом вбегает Джоэл — бледный, с пистолетом в руке.",Входная дверь распахивается.
0071,2:37,2:39,2.2,Prologue: The Night Everything Fell Apart,031,"Joel bursts in — pale, with a pistol in his hand.","В дом вбегает Джоэл — бледный, с пистолетом в руке.",Джоэл с пистолетом тяжело дышит.
0072,2:39,2:42,2.8,Prologue: The Night Everything Fell Apart,032,"Before he can explain anything, the neighbor starts smashing through the glass door.",Он не успевает ничего объяснить: в стеклянную дверь ломится сосед.,Силуэт соседа за стеклянной дверью.
0073,2:42,2:45,2.8,Prologue: The Night Everything Fell Apart,032,"Before he can explain anything, the neighbor starts smashing through the glass door.",Он не успевает ничего объяснить: в стеклянную дверь ломится сосед.,По стеклу бегут трещины.
0074,2:45,2:47,2.6,Prologue: The Night Everything Fell Apart,033,"The neighbor isn't human anymore: he wheezes, twitches, and lunges at them.","Сосед больше не похож на человека: он хрипит, дёргается и бросается на них.",Стекло разлетается в замедленной съёмке.
0075,2:47,2:50,2.6,Prologue: The Night Everything Fell Apart,033,"The neighbor isn't human anymore: he wheezes, twitches, and lunges at them.","Сосед больше не похож на человека: он хрипит, дёргается и бросается на них.",Дёрганая фигура с безумными глазами влетает в комнату.
0076,2:50,2:51,1.5,Prologue: The Night Everything Fell Apart,034,Joel fires.,Джоэл стреляет.,"Вспышка выстрела в полумраке, Сара закрывает лицо руками."
0077,2:51,2:54,2.7,Prologue: The Night Everything Fell Apart,035,"Sarah is terrified, and her father keeps saying the man was sick and they have to leave right now.","Сара в ужасе, а отец только повторяет: сосед был болен, им нужно немедленно уходить.",Джоэл сжимает плечи дочери.
0078,2:54,2:57,2.7,Prologue: The Night Everything Fell Apart,035,"Sarah is terrified, and her father keeps saying the man was sick and they have to leave right now.","Сара в ужасе, а отец только повторяет: сосед был болен, им нужно немедленно уходить.","Сара плачет, он что-то твёрдо говорит ей в лицо."
0079,2:57,2:59,2.7,Prologue: The Night Everything Fell Apart,035,"Sarah is terrified, and her father keeps saying the man was sick and they have to leave right now.","Сара в ужасе, а отец только повторяет: сосед был болен, им нужно немедленно уходить.",Крупно: пистолет дрожит в руке Джоэла.
0080,2:59,3:02,3.2,Prologue: The Night Everything Fell Apart,036,Tommy's pickup screeches to a stop outside.,У дома тормозит пикап Томми.,Фары пикапа выхватывают из темноты лужайку перед домом.
0081,3:02,3:05,2.2,Prologue: The Night Everything Fell Apart,037,The three of them try to get out of town.,Втроём они пытаются вырваться из города.,Пикап срывается с места.
0082,3:05,3:07,2.2,Prologue: The Night Everything Fell Apart,037,The three of them try to get out of town.,Втроём они пытаются вырваться из города.,Сара на заднем сиденье прижимается к окну.
0083,3:07,3:09,1.7,Prologue: The Night Everything Fell Apart,038,"All around them is madness: houses burning, people running, some attacking others.","Вокруг творится безумие: горят дома, люди бегут, кто-то набрасывается на других.",За окном проносится горящий дом.
0084,3:09,3:10,1.7,Prologue: The Night Everything Fell Apart,038,"All around them is madness: houses burning, people running, some attacking others.","Вокруг творится безумие: горят дома, люди бегут, кто-то набрасывается на других.",Люди бегут по газонам.
0085,3:10,3:12,1.7,Prologue: The Night Everything Fell Apart,038,"All around them is madness: houses burning, people running, some attacking others.","Вокруг творится безумие: горят дома, люди бегут, кто-то набрасывается на других.",Силуэты дерутся в свете пожара.
0086,3:12,3:15,3.0,Prologue: The Night Everything Fell Apart,039,"On the roadside, a father holding a child waves desperately, begging them to stop.",На обочине отец семейства с ребёнком на руках отчаянно машет им и просит забрать их с собой.,Мужчина с малышом на руках стоит у дороги.
0087,3:15,3:18,3.0,Prologue: The Night Everything Fell Apart,039,"On the roadside, a father holding a child waves desperately, begging them to stop.",На обочине отец семейства с ребёнком на руках отчаянно машет им и просит забрать их с собой.,Он умоляюще машет пикапу.
0088,3:18,3:21,2.8,Prologue: The Night Everything Fell Apart,040,"Tommy wants to pull over, but Joel won't budge: they have a kid with them, they can't take the risk.","Томми хочет остановиться, но Джоэл непреклонен: с ними ребёнок, рисковать нельзя.",Томми тянется к тормозу.
0089,3:21,3:24,2.8,Prologue: The Night Everything Fell Apart,040,"Tommy wants to pull over, but Joel won't budge: they have a kid with them, they can't take the risk.","Томми хочет остановиться, но Джоэл непреклонен: с ними ребёнок, рисковать нельзя.",Джоэл резко качает головой.
0090,3:24,3:26,2.8,Prologue: The Night Everything Fell Apart,040,"Tommy wants to pull over, but Joel won't budge: they have a kid with them, they can't take the risk.","Томми хочет остановиться, но Джоэл непреклонен: с ними ребёнок, рисковать нельзя.",Семья на обочине мелькает за окном и остаётся позади.
0091,3:26,3:29,3.0,Prologue: The Night Everything Fell Apart,041,Remember this moment — it will come back at the very end of the story.,Запомните этот момент — он ещё отзовётся в самом конце истории.,Крупно: в боковом зеркале уменьшается фигура мужчины с ребёнком.
0092,3:29,3:32,3.0,Prologue: The Night Everything Fell Apart,041,Remember this moment — it will come back at the very end of the story.,Запомните этот момент — он ещё отзовётся в самом конце истории.,Кадр замирает и обесцвечивается.
0093,3:32,3:35,2.6,Prologue: The Night Everything Fell Apart,042,"The highway is jammed, and the whole city is in a panic.","Шоссе забито машинами, весь город охвачен паникой.","Пробка на шоссе, гудки."
0094,3:35,3:38,2.6,Prologue: The Night Everything Fell Apart,042,"The highway is jammed, and the whole city is in a panic.","Шоссе забито машинами, весь город охвачен паникой.",Люди бросают машины и бегут.
0095,3:38,3:40,2.0,Prologue: The Night Everything Fell Apart,043,"Tommy cuts through downtown, but it's even worse there.","Томми сворачивает в центр, но там ещё хуже.",Пикап петляет между горящими машинами.
0096,3:40,3:42,2.0,Prologue: The Night Everything Fell Apart,043,"Tommy cuts through downtown, but it's even worse there.","Томми сворачивает в центр, но там ещё хуже.",Вид сверху: улицы центра забиты горящими машинами и бегущими людьми.
0097,3:42,3:44,2.7,Prologue: The Night Everything Fell Apart,044,"A gas station blows up nearby, and a second later another car slams into their truck at full speed.","Рядом взлетает на воздух бензоколонка, а через секунду в пикап на полной скорости врезается другая машина.",Огненный шар над заправкой.
0098,3:44,3:47,2.7,Prologue: The Night Everything Fell Apart,044,"A gas station blows up nearby, and a second later another car slams into their truck at full speed.","Рядом взлетает на воздух бензоколонка, а через секунду в пикап на полной скорости врезается другая машина.",Встречные фары летят прямо в камеру.
0099,3:47,3:50,2.7,Prologue: The Night Everything Fell Apart,044,"A gas station blows up nearby, and a second later another car slams into their truck at full speed.","Рядом взлетает на воздух бензоколонка, а через секунду в пикап на полной скорости врезается другая машина.","Удар, пикап переворачивается в замедленной съёмке."
0100,3:50,3:53,3.2,Prologue: The Night Everything Fell Apart,045,Sarah hurts her leg and can't walk.,Сара повреждает ногу и не может идти.,Сара в перевёрнутой кабине держится за колено.
0101,3:53,3:56,3.0,Prologue: The Night Everything Fell Apart,046,"Joel picks her up, and they run through a crowd of people gone mad.","Джоэл берёт её на руки, и они бегут сквозь толпу обезумевших людей.",Джоэл с дочерью на руках бежит по горящей улице.
0102,3:56,3:59,3.0,Prologue: The Night Everything Fell Apart,046,"Joel picks her up, and they run through a crowd of people gone mad.","Джоэл берёт её на руки, и они бегут сквозь толпу обезумевших людей.",Камера трясётся и бежит следом.
0103,3:59,4:01,2.0,Prologue: The Night Everything Fell Apart,047,"The infected are everywhere, attacking anyone in their path.","Заражённые повсюду: они кидаются на каждого, кто попадается им на пути.",Из переулка выскакивают дёрганые фигуры.
0104,4:01,4:03,2.0,Prologue: The Night Everything Fell Apart,047,"The infected are everywhere, attacking anyone in their path.","Заражённые повсюду: они кидаются на каждого, кто попадается им на пути.",Кто-то падает под натиском толпы.
0105,4:03,4:05,2.5,Prologue: The Night Everything Fell Apart,048,Tommy stays behind to hold them off and yells at his brother to run and not look back.,"Томми остаётся сдерживать их и кричит брату, чтобы тот бежал, не оглядываясь.","Томми подпирает плечом дверь, в которую колотят изнутри."
0106,4:05,4:08,2.5,Prologue: The Night Everything Fell Apart,048,Tommy stays behind to hold them off and yells at his brother to run and not look back.,"Томми остаётся сдерживать их и кричит брату, чтобы тот бежал, не оглядываясь.",Он кричит брату: «Беги!»
0107,4:08,4:10,2.5,Prologue: The Night Everything Fell Apart,048,Tommy stays behind to hold them off and yells at his brother to run and not look back.,"Томми остаётся сдерживать их и кричит брату, чтобы тот бежал, не оглядываясь.","Джоэл с Сарой на руках исчезает в дыму, Томми оглядывается им вслед."
0108,4:10,4:13,2.6,Prologue: The Night Everything Fell Apart,049,"On the edge of town, a soldier stops Joel and his daughter.",На окраине города Джоэла с дочерью останавливает солдат.,"Джоэл выбегает к насыпи, позади зарево над городом."
0109,4:13,4:16,2.6,Prologue: The Night Everything Fell Apart,049,"On the edge of town, a soldier stops Joel and his daughter.",На окраине города Джоэла с дочерью останавливает солдат.,Солдат с автоматом преграждает путь.
0110,4:16,4:18,2.8,Prologue: The Night Everything Fell Apart,050,"Joel begs for help, but the soldier gets an order over the radio.","Джоэл умоляет о помощи, но солдат по рации получает приказ.","Джоэл кричит, прижимая к себе Сару."
0111,4:18,4:21,2.8,Prologue: The Night Everything Fell Apart,050,"Joel begs for help, but the soldier gets an order over the radio.","Джоэл умоляет о помощи, но солдат по рации получает приказ.",Солдат прижимает рацию к плечу.
0112,4:21,4:23,2.2,Prologue: The Night Everything Fell Apart,051,The order is simple and terrible: no one gets out.,Приказ простой и страшный: никого не выпускать.,"Крупно: рация хрипит, из неё звучит приказ."
0113,4:23,4:26,2.2,Prologue: The Night Everything Fell Apart,051,The order is simple and terrible: no one gets out.,Приказ простой и страшный: никого не выпускать.,Крупно: палец солдата ложится на спусковой крючок.
0114,4:26,4:28,2.0,Prologue: The Night Everything Fell Apart,052,The soldier opens fire.,Солдат открывает огонь.,"Вспышки выстрелов, Джоэл разворачивается, закрывая дочь спиной."
0115,4:28,4:29,1.8,Prologue: The Night Everything Fell Apart,053,"Joel tumbles down the embankment, holding Sarah tight.","Джоэл падает с насыпи, прижимая к себе Сару.",Двое катятся по склону в высокую траву.
0116,4:29,4:31,1.8,Prologue: The Night Everything Fell Apart,053,"Joel tumbles down the embankment, holding Sarah tight.","Джоэл падает с насыпи, прижимая к себе Сару.","Замедленная съёмка: трава, звёзды, зарево — всё кружится."
0117,4:31,4:33,2.2,Prologue: The Night Everything Fell Apart,054,"At the last second, Tommy appears and kills the soldier.",В последний момент появляется Томми и убивает солдата.,Томми выбегает из темноты и стреляет.
0118,4:33,4:36,2.2,Prologue: The Night Everything Fell Apart,054,"At the last second, Tommy appears and kills the soldier.",В последний момент появляется Томми и убивает солдата.,Солдат падает.
0119,4:36,4:38,2.4,Prologue: The Night Everything Fell Apart,055,But it's already too late.,Но уже слишком поздно.,"Тишина, дым, камера медленно опускается к Джоэлу."
0120,4:38,4:40,2.0,Prologue: The Night Everything Fell Apart,056,Sarah has been shot.,Сара ранена.,На футболке Сары расплывается тёмное пятно.
0121,4:40,4:43,2.6,Prologue: The Night Everything Fell Apart,057,"Joel begs her to hold on, but she dies in his arms.","Джоэл умоляет её держаться, но девочка умирает у него на руках.",Джоэл склоняется над дочерью.
0122,4:43,4:45,2.6,Prologue: The Night Everything Fell Apart,057,"Joel begs her to hold on, but she dies in his arms.","Джоэл умоляет её держаться, но девочка умирает у него на руках.",Её рука безвольно соскальзывает в траву.
0123,4:45,4:48,2.4,Prologue: The Night Everything Fell Apart,058,"That night, he lost everything.",В ту ночь он потерял всё.,"Крупно: лицо Джоэла, искажённое горем, в отблесках пожара."
0124,4:48,4:50,2.6,Prologue: The Night Everything Fell Apart,059,"On his wrist, he still wears the watch — his daughter's last gift.",На его запястье остаются часы — последний подарок дочери.,Крупно: часы на запястье.
0125,4:50,4:53,2.6,Prologue: The Night Everything Fell Apart,059,"On his wrist, he still wears the watch — his daughter's last gift.",На его запястье остаются часы — последний подарок дочери.,По стеклу бежит трещина.
0126,4:53,4:55,1.8,Prologue: The Night Everything Fell Apart,060,He'll wear it for the next twenty years.,Он будет носить их все следующие двадцать лет.,"Стрелки на циферблате бешено крутятся, годы проносятся мимо."
0127,4:55,4:56,1.8,Prologue: The Night Everything Fell Apart,060,He'll wear it for the next twenty years.,Он будет носить их все следующие двадцать лет.,"Та же рука, но уже постаревшая, трещина на месте."
0128,4:56,4:59,2.2,Prologue: The Night Everything Fell Apart,061,It's the only thread tying him to his old life.,"Единственная ниточка, которая связывает его с прежней жизнью.","Часы крупно, на размытом фоне — руины."
0129,4:59,5:01,2.2,Prologue: The Night Everything Fell Apart,061,It's the only thread tying him to his old life.,"Единственная ниточка, которая связывает его с прежней жизнью.","Затемнение, титр «The Last of Us»."
0130,5:02,5:03,1.6,What Happened to the World,062,The culprit was Cordyceps — a parasitic fungus.,Виновником катастрофы стал кордицепс — гриб-паразит.,Макро: светящиеся грибные нити под микроскопом.
0131,5:03,5:05,1.6,What Happened to the World,062,The culprit was Cordyceps — a parasitic fungus.,Виновником катастрофы стал кордицепс — гриб-паразит.,"Резкий наезд, нити пульсируют."
0132,5:05,5:08,3.0,What Happened to the World,063,"In real life, this fungus infects ants and literally takes control of their behavior.",В реальной природе такой гриб заражает муравьёв и буквально управляет их поведением.,Муравей ползёт по травинке.
0133,5:08,5:11,3.0,What Happened to the World,063,"In real life, this fungus infects ants and literally takes control of their behavior.",В реальной природе такой гриб заражает муравьёв и буквально управляет их поведением.,"Он замирает, и из его головы прорастает тонкий гриб."
0134,5:11,5:14,3.0,What Happened to the World,064,"In the world of the game, the fungus mutated and learned to infect humans.",В мире игры гриб мутировал и научился заражать людей.,Спираль ДНК рвётся и перестраивается.
0135,5:14,5:17,3.0,What Happened to the World,064,"In the world of the game, the fungus mutated and learned to infect humans.",В мире игры гриб мутировал и научился заражать людей.,По силуэту человека бегут белые нити.
0136,5:17,5:19,2.3,What Happened to the World,065,"One bite is enough — and within a day or two, a person is no longer themselves.",Достаточно одного укуса — и уже через день-два человек перестаёт быть собой.,Рука со свежим укусом.
0137,5:19,5:22,2.3,What Happened to the World,065,"One bite is enough — and within a day or two, a person is no longer themselves.",Достаточно одного укуса — и уже через день-два человек перестаёт быть собой.,"Вены вокруг раны темнеют, рядом тикает таймер «1–2 дня»."
0138,5:22,5:24,2.3,What Happened to the World,065,"One bite is enough — and within a day or two, a person is no longer themselves.",Достаточно одного укуса — и уже через день-два человек перестаёт быть собой.,Глаза человека мутнеют и становятся пустыми.
0139,5:24,5:26,2.7,What Happened to the World,066,The fungus takes over the brain and turns its victim into a violent creature that attacks everyone around it.,"Грибок захватывает мозг и превращает жертву в агрессивное существо, которое бросается на всех вокруг.","Силуэт мозга, опутанный нитями гриба."
0140,5:26,5:29,2.7,What Happened to the World,066,The fungus takes over the brain and turns its victim into a violent creature that attacks everyone around it.,"Грибок захватывает мозг и превращает жертву в агрессивное существо, которое бросается на всех вокруг.",Человек в тени резко дёргает головой.
0141,5:29,5:32,2.7,What Happened to the World,066,The fungus takes over the brain and turns its victim into a violent creature that attacks everyone around it.,"Грибок захватывает мозг и превращает жертву в агрессивное существо, которое бросается на всех вокруг.",Он бросается прямо на камеру.
0142,5:32,5:35,3.1,What Happened to the World,067,"Worse still, inside abandoned buildings the fungus spreads and fills the air with spores, and without a gas mask you won't survive.","Хуже того: в заброшенных зданиях гриб разрастается и выбрасывает в воздух споры, и без противогаза там не выжить.","Тёмный подвал, стены покрыты грибом."
0143,5:35,5:38,3.1,What Happened to the World,067,"Worse still, inside abandoned buildings the fungus spreads and fills the air with spores, and without a gas mask you won't survive.","Хуже того: в заброшенных зданиях гриб разрастается и выбрасывает в воздух споры, и без противогаза там не выжить.",В луче фонаря кружатся споры.
0144,5:38,5:41,3.1,What Happened to the World,067,"Worse still, inside abandoned buildings the fungus spreads and fills the air with spores, and without a gas mask you won't survive.","Хуже того: в заброшенных зданиях гриб разрастается и выбрасывает в воздух споры, и без противогаза там не выжить.",Руки торопливо натягивают противогаз.
0145,5:41,5:44,2.8,What Happened to the World,068,That's why every dark basement in this game is a test of nerve.,Поэтому каждый тёмный подвал в этой игре — испытание для нервов.,"Луч фонаря дрожит на ступенях, уходящих в темноту."
0146,5:44,5:47,2.8,What Happened to the World,068,That's why every dark basement in this game is a test of nerve.,Поэтому каждый тёмный подвал в этой игре — испытание для нервов.,"Из темноты доносится хрип, фонарь резко разворачивается."
0147,5:47,5:49,2.4,What Happened to the World,069,"Over time, the infected change.",Со временем заражённые меняются.,Три силуэта в ряд — от почти человеческого до бесформенного.
0148,5:49,5:52,3.0,What Happened to the World,070,"The first stage, Runners, still look human: fast, frenzied, and they attack in packs.","Первые из них, «бегуны», ещё похожи на людей: они быстрые, безумные и нападают толпой.","Бегун мчится по коридору, рваная одежда развевается."
0149,5:52,5:55,3.0,What Happened to the World,070,"The first stage, Runners, still look human: fast, frenzied, and they attack in packs.","Первые из них, «бегуны», ещё похожи на людей: они быстрые, безумные и нападают толпой.",Стая бегунов перепрыгивает через брошенные машины.
0150,5:55,5:58,2.6,What Happened to the World,071,"Months later, the fungus bursts through the skull and blinds its host.","Проходят месяцы, гриб прорастает сквозь череп и ослепляет своего носителя.","Заражённый в тёмном углу, по его коже ползут наросты."
0151,5:58,6:00,2.6,What Happened to the World,071,"Months later, the fungus bursts through the skull and blinds its host.","Проходят месяцы, гриб прорастает сквозь череп и ослепляет своего носителя.","Голова заражённого: грибные пластины раскрываются, как цветок."
0152,6:00,6:03,2.6,What Happened to the World,072,That's how you get Clickers — the most terrifying creatures in the game.,Так появляются «щелкуны» — самые жуткие создания этой игры.,"Щелкун в полумраке, вместо лица сплошные наросты гриба."
0153,6:03,6:05,2.6,What Happened to the World,072,That's how you get Clickers — the most terrifying creatures in the game.,Так появляются «щелкуны» — самые жуткие создания этой игры.,Резкий наезд на его голову.
0154,6:05,6:09,3.2,What Happened to the World,073,"They can't see, so they hunt by sound, making their signature clicking noise, like bats.","Они ничего не видят и ориентируются по звуку, издавая характерные щелчки, как летучие мыши.",От щелчков по тёмной комнате расходятся кольца звуковых волн.
0155,6:09,6:12,3.2,What Happened to the World,073,"They can't see, so they hunt by sound, making their signature clicking noise, like bats.","Они ничего не видят и ориентируются по звуку, издавая характерные щелчки, как летучие мыши.",Волна «ощупывает» стены и мебель.
0156,6:12,6:14,2.0,What Happened to the World,074,"If a Clicker grabs you, you're almost certainly dead.",Если щелкун тебя схватил — спасения почти нет.,"Руки щелкуна тянутся прямо в камеру, изображение дёргается."
0157,6:14,6:16,2.0,What Happened to the World,074,"If a Clicker grabs you, you're almost certainly dead.",Если щелкун тебя схватил — спасения почти нет.,Резкая склейка в чёрное.
0158,6:16,6:18,2.5,What Happened to the World,075,"And the oldest infected, Bloaters, wear the fungus like armor and hurl toxic spore sacks at their enemies.","А самые старые заражённые, «топляки», покрыты грибом, как бронёй, и швыряют во врагов ядовитые мешки со спорами.",Массивная фигура в грибных наростах тяжело шагает вперёд.
0159,6:18,6:21,2.5,What Happened to the World,075,"And the oldest infected, Bloaters, wear the fungus like armor and hurl toxic spore sacks at their enemies.","А самые старые заражённые, «топляки», покрыты грибом, как бронёй, и швыряют во врагов ядовитые мешки со спорами.",Она швыряет светящийся мешок спор.
0160,6:21,6:23,2.5,What Happened to the World,075,"And the oldest infected, Bloaters, wear the fungus like armor and hurl toxic spore sacks at their enemies.","А самые старые заражённые, «топляки», покрыты грибом, как бронёй, и швыряют во врагов ядовитые мешки со спорами.",Мешок взрывается облаком спор.
0161,6:23,6:25,2.0,What Happened to the World,076,The outbreak swept across the planet at terrifying speed.,Эпидемия разлетелась по планете стремительно.,Глобус: красные пятна заражения расползаются по континентам.
0162,6:25,6:27,2.0,What Happened to the World,076,The outbreak swept across the planet at terrifying speed.,Эпидемия разлетелась по планете стремительно.,"Мелькают газетные заголовки: «Пандемия», «Военное положение»."
0163,6:27,6:29,1.6,What Happened to the World,077,The government fell.,Правительство рухнуло.,Опрокинутый флаг на ступенях разрушенного здания.
0164,6:29,6:32,2.6,What Happened to the World,078,Survivors were herded into quarantine zones — walled-off cities run by the military.,Уцелевших людей согнали в карантинные зоны — города за высокими стенами под властью военных.,Колонна людей под конвоем идёт к воротам.
0165,6:32,6:34,2.6,What Happened to the World,078,Survivors were herded into quarantine zones — walled-off cities run by the military.,Уцелевших людей согнали в карантинные зоны — города за высокими стенами под властью военных.,"Высокая стена вокруг города, солдаты на вышках."
0166,6:34,6:36,2.0,What Happened to the World,079,"Inside, there are curfews, food rations, and execution at the slightest suspicion of infection.","Там комендантский час, еда по карточкам и казнь за малейшее подозрение в заражении.",Табличка «Комендантский час».
0167,6:36,6:38,2.0,What Happened to the World,079,"Inside, there are curfews, food rations, and execution at the slightest suspicion of infection.","Там комендантский час, еда по карточкам и казнь за малейшее подозрение в заражении.",Очередь за пайками под дождём.
0168,6:38,6:40,2.0,What Happened to the World,079,"Inside, there are curfews, food rations, and execution at the slightest suspicion of infection.","Там комендантский час, еда по карточкам и казнь за малейшее подозрение в заражении.",Солдат проверяет людей сканером.
0169,6:40,6:42,2.2,What Happened to the World,080,Fighting the military is a resistance group called the Fireflies.,"Против военных воюют повстанцы, которые называют себя «Цикадами».",Граффити: символ светлячка — знак «Цикад» (Fireflies) — и надпись «Ищите свет».
0170,6:42,6:45,2.2,What Happened to the World,080,Fighting the military is a resistance group called the Fireflies.,"Против военных воюют повстанцы, которые называют себя «Цикадами».",Повстанцы в масках крадутся по крыше.
0171,6:45,6:47,2.3,What Happened to the World,081,They believe that one day they'll find a cure and give people their normal lives back.,"Они верят, что однажды найдут лекарство и вернут людям нормальную жизнь.","Подпольная комната, люди склонились над картами при свете лампы."
0172,6:47,6:49,2.3,What Happened to the World,081,They believe that one day they'll find a cure and give people their normal lives back.,"Они верят, что однажды найдут лекарство и вернут людям нормальную жизнь.",Крупно: пробирка в руке учёного.
0173,6:49,6:51,2.3,What Happened to the World,081,They believe that one day they'll find a cure and give people their normal lives back.,"Они верят, что однажды найдут лекарство и вернут людям нормальную жизнь.",Дети играют на солнечной улице — мечта о прежней жизни.
0174,6:51,6:54,2.3,What Happened to the World,082,"And beyond the walls, in the wild, everyone survives however they can: bandits, loners, small communities.","А за стенами, в диких землях, каждый выживает как может: бандиты, одиночки, маленькие общины.","Заброшенное шоссе, ветер гонит сухие листья."
0175,6:54,6:56,2.3,What Happened to the World,082,"And beyond the walls, in the wild, everyone survives however they can: bandits, loners, small communities.","А за стенами, в диких землях, каждый выживает как может: бандиты, одиночки, маленькие общины.",Бандиты у костра проверяют оружие.
0176,6:56,6:58,2.3,What Happened to the World,082,"And beyond the walls, in the wild, everyone survives however they can: bandits, loners, small communities.","А за стенами, в диких землях, каждый выживает как может: бандиты, одиночки, маленькие общины.",Маленькая ферма за самодельным забором.
0177,6:58,7:00,1.8,What Happened to the World,083,Twenty years have passed since that terrible night.,С той страшной ночи прошло двадцать лет.,Титр «20 лет спустя» на фоне заросших руин.
0178,7:00,7:02,1.8,What Happened to the World,083,Twenty years have passed since that terrible night.,С той страшной ночи прошло двадцать лет.,Ускоренная съёмка: деревья облетают и снова зеленеют.
0179,7:03,7:04,1.5,Boston: The Cargo,084,"Boston, 2033.","Бостон, 2033 год.","Бостонская карантинная зона под дождём, титр «Бостон. 2033»."
0180,7:04,7:07,2.5,Boston: The Cargo,085,"The city is split by a wall: inside, hunger, rations, and military patrols; outside, ruins and the infected.","Город разделён стеной: внутри голод, пайки и военные патрули, снаружи руины и заражённые.",Камера поднимается над стеной.
0181,7:07,7:09,2.5,Boston: The Cargo,085,"The city is split by a wall: inside, hunger, rations, and military patrols; outside, ruins and the infected.","Город разделён стеной: внутри голод, пайки и военные патрули, снаружи руины и заражённые.","Слева очередь за пайками, справа заросшие руины."
0182,7:09,7:12,2.5,Boston: The Cargo,085,"The city is split by a wall: inside, hunger, rations, and military patrols; outside, ruins and the infected.","Город разделён стеной: внутри голод, пайки и военные патрули, снаружи руины и заражённые.",Патруль с фонарями проходит вдоль стены.
0183,7:12,7:14,2.4,Boston: The Cargo,086,Joel has grown older and harder; there's nothing left of the caring father he used to be.,"Джоэл постарел и ожесточился, от прежнего заботливого отца не осталось и следа.",Постаревший Джоэл с сединой в бороде.
0184,7:14,7:17,2.4,Boston: The Cargo,086,Joel has grown older and harder; there's nothing left of the caring father he used to be.,"Джоэл постарел и ожесточился, от прежнего заботливого отца не осталось и следа.",Вспышка: молодой Джоэл обнимает Сару — и снова суровое лицо.
0185,7:17,7:19,2.4,Boston: The Cargo,086,Joel has grown older and harder; there's nothing left of the caring father he used to be.,"Джоэл постарел и ожесточился, от прежнего заботливого отца не осталось и следа.",Крупно: треснувшие часы на его запястье.
0186,7:19,7:21,2.3,Boston: The Cargo,087,"He's a smuggler now, moving guns, pills, and anything people will pay for across the wall.","Теперь он контрабандист: переправляет через стену оружие, таблетки и всё, за что готовы платить.",Джоэл в тёмном переулке передаёт свёрток человеку в капюшоне.
0187,7:21,7:24,2.3,Boston: The Cargo,087,"He's a smuggler now, moving guns, pills, and anything people will pay for across the wall.","Теперь он контрабандист: переправляет через стену оружие, таблетки и всё, за что готовы платить.","Быстрый монтаж: ящик с оружием, пузырёк таблеток, пачка продуктовых карточек."
0188,7:24,7:26,2.3,Boston: The Cargo,087,"He's a smuggler now, moving guns, pills, and anything people will pay for across the wall.","Теперь он контрабандист: переправляет через стену оружие, таблетки и всё, за что готовы платить.",Джоэл прячет деньги во внутренний карман и оглядывается.
0189,7:26,7:28,1.8,Boston: The Cargo,088,"His partner is Tess — tough, smart, and sharp-tongued.","Его напарница — Тесс, решительная, умная и острая на язык.",Тесс в кожаной куртке насмешливо смотрит в камеру.
0190,7:28,7:29,1.8,Boston: The Cargo,088,"His partner is Tess — tough, smart, and sharp-tongued.","Его напарница — Тесс, решительная, умная и острая на язык.",Она ловко прячет пистолет за пояс.
0191,7:29,7:32,2.8,Boston: The Cargo,089,"There's clearly more than business between them, but they both forgot how to talk about feelings a long time ago.","Между ними явно что-то большее, чем работа, но оба давно разучились говорить о чувствах.",Джоэл и Тесс молча сидят рядом у окна.
0192,7:32,7:35,2.8,Boston: The Cargo,089,"There's clearly more than business between them, but they both forgot how to talk about feelings a long time ago.","Между ними явно что-то большее, чем работа, но оба давно разучились говорить о чувствах.","Их плечи почти касаются, но смотрят они в разные стороны."
0193,7:35,7:38,2.8,Boston: The Cargo,089,"There's clearly more than business between them, but they both forgot how to talk about feelings a long time ago.","Между ними явно что-то большее, чем работа, но оба давно разучились говорить о чувствах.",Тесс украдкой смотрит на Джоэла и отворачивается.
0194,7:38,7:41,3.2,Boston: The Cargo,090,"One day, Tess comes back beaten up.",Однажды Тесс возвращается избитой.,"Тесс входит, держась за бок, на скуле ссадина."
0195,7:41,7:44,2.8,Boston: The Cargo,091,A dealer named Robert set her up and stole their shipment of guns.,Торговец Роберт подставил её и увёл их партию оружия.,Ухмыляющийся торговец пересчитывает деньги.
0196,7:44,7:47,2.8,Boston: The Cargo,091,A dealer named Robert set her up and stole their shipment of guns.,Торговец Роберт подставил её и увёл их партию оружия.,Позади него штабель ящиков с оружием.
0197,7:47,7:49,2.8,Boston: The Cargo,092,Joel and Tess go after him.,Джоэл и Тесс отправляются за ним.,Двое решительно шагают по мокрой улице.
0198,7:49,7:52,2.8,Boston: The Cargo,093,Smugglers know secret routes under the wall that the military never even suspects.,"Контрабандисты знают тайные лазейки под стеной, о которых военные даже не догадываются.","Узкий лаз под бетонной плитой, Тесс светит фонариком."
0199,7:52,7:55,2.8,Boston: The Cargo,093,Smugglers know secret routes under the wall that the military never even suspects.,"Контрабандисты знают тайные лазейки под стеной, о которых военные даже не догадываются.",Джоэл протискивается следом.
0200,7:55,7:57,2.0,Boston: The Cargo,094,They corner Robert in a warehouse by the docks.,Они загоняют Роберта в угол на портовом складе.,"Склад у воды, Роберт пятится, выставив руки."
0201,7:57,7:59,2.0,Boston: The Cargo,094,They corner Robert in a warehouse by the docks.,Они загоняют Роберта в угол на портовом складе.,Джоэл и Тесс заходят с двух сторон.
0202,7:59,8:02,2.8,Boston: The Cargo,095,"Terrified, Robert confesses: the guns are gone — he sold them to the Fireflies.","Перепуганный Роберт признаётся: оружия больше нет, он продал его «Цикадам».",Роберт на коленях торопливо оправдывается.
0203,8:02,8:05,2.8,Boston: The Cargo,095,"Terrified, Robert confesses: the guns are gone — he sold them to the Fireflies.","Перепуганный Роберт признаётся: оружия больше нет, он продал его «Цикадам».",Крупно: пистолет Тесс направлен на него.
0204,8:05,8:07,2.0,Boston: The Cargo,096,Tess doesn't forgive betrayal.,Тесс не прощает предательства.,"Затемнение, звук выстрела, с крыши склада взлетают чайки."
0205,8:07,8:10,2.8,Boston: The Cargo,097,"And then Marlene, leader of the Boston Fireflies, steps out of the shadows.",И тут из тени выходит Марлин — лидер бостонских «Цикад».,Из-за контейнера выходит Марлин с автоматом.
0206,8:10,8:12,2.8,Boston: The Cargo,097,"And then Marlene, leader of the Boston Fireflies, steps out of the shadows.",И тут из тени выходит Марлин — лидер бостонских «Цикад».,Она держится за раненый бок.
0207,8:12,8:15,2.2,Boston: The Cargo,098,"She's wounded but perfectly calm, and she has an offer.","Она ранена, но совершенно спокойна, и у неё есть предложение.",Марлин прислоняется к стене.
0208,8:15,8:17,2.2,Boston: The Cargo,098,"She's wounded but perfectly calm, and she has an offer.","Она ранена, но совершенно спокойна, и у неё есть предложение.",Крупно: её твёрдый взгляд.
0209,8:17,8:20,3.1,Boston: The Cargo,099,"They need to smuggle some ""cargo"" out of the city and deliver it to a Firefly team waiting at the Capitol building.",Нужно тайно вывезти из города один «груз» и доставить его отряду «Цикад» в здании Капитолия.,Марлин разворачивает карту на ящике.
0210,8:20,8:23,3.1,Boston: The Cargo,099,"They need to smuggle some ""cargo"" out of the city and deliver it to a Firefly team waiting at the Capitol building.",Нужно тайно вывезти из города один «груз» и доставить его отряду «Цикад» в здании Капитолия.,Карта Бостона: от стены к куполу Капитолия тянется пунктир.
0211,8:23,8:26,3.1,Boston: The Cargo,099,"They need to smuggle some ""cargo"" out of the city and deliver it to a Firefly team waiting at the Capitol building.",Нужно тайно вывезти из города один «груз» и доставить его отряду «Цикад» в здании Капитолия.,"Купол Капитолия вдалеке, в тумане."
0212,8:26,8:28,2.4,Boston: The Cargo,100,The reward: twice as many guns as were stolen from them.,"Награда — вдвое больше оружия, чем у них украли.","Ящики с оружием, крупно «×2»."
0213,8:28,8:31,2.4,Boston: The Cargo,100,The reward: twice as many guns as were stolen from them.,"Награда — вдвое больше оружия, чем у них украли.",Глаза Тесс загораются интересом.
0214,8:31,8:33,2.4,Boston: The Cargo,101,Tess agrees to at least take a look at the cargo.,Тесс соглашается хотя бы взглянуть на груз.,Тесс переглядывается с Джоэлом и коротко кивает.
0215,8:33,8:36,2.4,Boston: The Cargo,101,Tess agrees to at least take a look at the cargo.,Тесс соглашается хотя бы взглянуть на груз.,Двери убежища «Цикад» медленно открываются.
0216,8:36,8:37,1.8,Boston: The Cargo,102,The cargo turns out to be a girl.,Груз оказывается девочкой.,Тесс и Джоэл идут по тёмному коридору к двери.
0217,8:37,8:39,1.8,Boston: The Cargo,102,The cargo turns out to be a girl.,Груз оказывается девочкой.,Дверь открывается: в пустой комнате на стуле сидит девочка-подросток.
0218,8:39,8:41,1.6,Boston: The Cargo,103,"Her name is Ellie, and she's fourteen.","Её зовут Элли, ей четырнадцать лет.",Элли скрестила руки на груди и недоверчиво смотрит снизу вверх.
0219,8:41,8:42,1.6,Boston: The Cargo,103,"Her name is Ellie, and she's fourteen.","Её зовут Элли, ей четырнадцать лет.","Надпись рядом с ней: «Элли, 14 лет»."
0220,8:42,8:45,2.8,Boston: The Cargo,104,She's an orphan who grew up in a military boarding school and has never once set foot outside the wall.,"Она сирота, выросла в военном интернате и ни разу в жизни не бывала за стеной.","Коридор интерната, ряды железных коек."
0221,8:45,8:48,2.8,Boston: The Cargo,104,She's an orphan who grew up in a military boarding school and has never once set foot outside the wall.,"Она сирота, выросла в военном интернате и ни разу в жизни не бывала за стеной.",Маленькая Элли смотрит в зарешёченное окно на стену.
0222,8:48,8:51,2.8,Boston: The Cargo,104,She's an orphan who grew up in a military boarding school and has never once set foot outside the wall.,"Она сирота, выросла в военном интернате и ни разу в жизни не бывала за стеной.",Элли касается ладонью холодного бетона стены.
0223,8:51,8:53,2.7,Boston: The Cargo,105,"Ellie is cheeky, swears worse than most adults, and has no intention of being scared of some grumpy stranger.","Элли дерзкая, ругается похлеще взрослых и совсем не собирается бояться хмурого незнакомца.",Элли фыркает и закатывает глаза.
0224,8:53,8:56,2.7,Boston: The Cargo,105,"Ellie is cheeky, swears worse than most adults, and has no intention of being scared of some grumpy stranger.","Элли дерзкая, ругается похлеще взрослых и совсем не собирается бояться хмурого незнакомца.","Элли что-то дерзко говорит Джоэлу, тыча пальцем ему в грудь."
0225,8:56,8:59,2.7,Boston: The Cargo,105,"Ellie is cheeky, swears worse than most adults, and has no intention of being scared of some grumpy stranger.","Элли дерзкая, ругается похлеще взрослых и совсем не собирается бояться хмурого незнакомца.",Джоэл смотрит на неё исподлобья.
0226,8:59,9:02,3.1,Boston: The Cargo,106,"Marlene has known her since the day she was born, but she can't get her out of the city herself: she's wounded, and the military is right on her heels.","Марлин знает её с самого рождения, но вывести из города сама не может: она ранена, а военные идут за ней по пятам.",Марлин морщится от боли.
0227,9:02,9:05,3.1,Boston: The Cargo,106,"Marlene has known her since the day she was born, but she can't get her out of the city herself: she's wounded, and the military is right on her heels.","Марлин знает её с самого рождения, но вывести из города сама не может: она ранена, а военные идут за ней по пятам.",В окне мелькают фонари патруля.
0228,9:05,9:08,3.1,Boston: The Cargo,106,"Marlene has known her since the day she was born, but she can't get her out of the city herself: she's wounded, and the military is right on her heels.","Марлин знает её с самого рождения, но вывести из города сама не может: она ранена, а военные идут за ней по пятам.",Марлин кладёт руку Элли на плечо.
0229,9:08,9:11,3.1,Boston: The Cargo,106,"Marlene has known her since the day she was born, but she can't get her out of the city herself: she's wounded, and the military is right on her heels.","Марлин знает её с самого рождения, но вывести из города сама не может: она ранена, а военные идут за ней по пятам.",Крупно: Элли с тревогой смотрит на Марлин.
0230,9:11,9:14,2.4,Boston: The Cargo,107,"Joel isn't happy about it: he's a smuggler, not a babysitter.","Джоэл недоволен: он контрабандист, а не нянька.",Джоэл отводит Марлин в сторону и раздражённо жестикулирует.
0231,9:14,9:16,2.4,Boston: The Cargo,107,"Joel isn't happy about it: he's a smuggler, not a babysitter.","Джоэл недоволен: он контрабандист, а не нянька.",Элли насмешливо машет ему рукой.
0232,9:16,9:19,2.8,Boston: The Cargo,108,But a deal is a deal.,Но сделка есть сделка.,Крупно: рукопожатие Тесс и Марлин.
0233,9:19,9:21,2.7,Boston: The Cargo,109,"Tess goes to make sure the guns are real, while Joel and Ellie wait for nightfall in a hideout.","Тесс уходит проверить, есть ли оружие на самом деле, а Джоэл с Элли ждут ночи в укрытии.",Тесс уходит вместе с Марлин.
0234,9:21,9:24,2.7,Boston: The Cargo,109,"Tess goes to make sure the guns are real, while Joel and Ellie wait for nightfall in a hideout.","Тесс уходит проверить, есть ли оружие на самом деле, а Джоэл с Элли ждут ночи в укрытии.",Джоэл запирает дверь укрытия на засов.
0235,9:24,9:27,2.7,Boston: The Cargo,109,"Tess goes to make sure the guns are real, while Joel and Ellie wait for nightfall in a hideout.","Тесс уходит проверить, есть ли оружие на самом деле, а Джоэл с Элли ждут ночи в укрытии.","Джоэл и Элли в захламлённой комнате, за окном темнеет."
0236,9:27,9:30,3.2,Boston: The Cargo,110,"Ellie peppers Joel with questions, and he answers in single words — or not at all.","Элли засыпает Джоэла вопросами, а он отвечает односложно или не отвечает вовсе.",Элли оживлённо что-то спрашивает.
0237,9:30,9:33,3.2,Boston: The Cargo,110,"Ellie peppers Joel with questions, and he answers in single words — or not at all.","Элли засыпает Джоэла вопросами, а он отвечает односложно или не отвечает вовсе.",Джоэл молча чистит пистолет.
0238,9:33,9:36,3.0,Boston: The Cargo,111,"He makes it clear right away: they're not friends, this is just a job.","Он сразу даёт понять: они не друзья, это просто работа.","Джоэл поднимает глаза от пистолета, взгляд тяжёлый."
0239,9:36,9:39,3.0,Boston: The Cargo,111,"He makes it clear right away: they're not friends, this is just a job.","Он сразу даёт понять: они не друзья, это просто работа.",Элли фыркает и отворачивается к окну.
0240,9:39,9:42,3.0,Boston: The Cargo,112,"Late that evening, Tess returns: the guns are real, and the deal is on.","Поздно вечером Тесс возвращается: оружие на месте, сделка в силе.",Тесс входит и коротко кивает.
0241,9:42,9:45,3.0,Boston: The Cargo,112,"Late that evening, Tess returns: the guns are real, and the deal is on.","Поздно вечером Тесс возвращается: оружие на месте, сделка в силе.",Все трое надевают рюкзаки.
0242,9:46,9:48,2.3,Beyond the Wall: Tess,113,"Under cover of night, the three of them sneak toward the way out of the city.",Под покровом ночи троица пробирается к выходу из города.,Три силуэта крадутся вдоль стены.
0243,9:48,9:51,2.3,Beyond the Wall: Tess,113,"Under cover of night, the three of them sneak toward the way out of the city.",Под покровом ночи троица пробирается к выходу из города.,Над ними скользят лучи прожекторов.
0244,9:51,9:53,2.3,Beyond the Wall: Tess,113,"Under cover of night, the three of them sneak toward the way out of the city.",Под покровом ночи троица пробирается к выходу из города.,Люк в подвал: трое спускаются в темноту.
0245,9:53,9:55,2.2,Beyond the Wall: Tess,114,"But right at the wall, a military patrol catches them.",Но у самой стены их ловит военный патруль.,Фонари бьют прямо в камеру.
0246,9:55,9:57,2.2,Beyond the Wall: Tess,114,"But right at the wall, a military patrol catches them.",Но у самой стены их ловит военный патруль.,Солдаты с автоматами кричат: «На колени!»
0247,9:57,9:59,2.2,Beyond the Wall: Tess,115,A soldier checks each of them with an infection scanner.,Солдат проверяет каждого сканером на заражение.,Прибор-сканер в руке солдата.
0248,9:59,10:02,2.2,Beyond the Wall: Tess,115,A soldier checks each of them with an infection scanner.,Солдат проверяет каждого сканером на заражение.,"У Тесс загорается зелёный огонёк, у Джоэла тоже."
0249,10:02,10:04,2.6,Beyond the Wall: Tess,116,"When he gets to Ellie, she pulls a knife and stabs him.","Когда очередь доходит до Элли, она выхватывает нож и бьёт солдата.",Элли резко вскакивает.
0250,10:04,10:07,2.6,Beyond the Wall: Tess,116,"When he gets to Ellie, she pulls a knife and stabs him.","Когда очередь доходит до Элли, она выхватывает нож и бьёт солдата.","Взмах ножа, солдат вскрикивает."
0251,10:07,10:10,2.8,Beyond the Wall: Tess,117,"A fight breaks out, and Joel has to take down the whole patrol.","Завязывается схватка, и Джоэлу приходится перебить патрульных.",Короткая драка в темноте.
0252,10:10,10:12,2.8,Beyond the Wall: Tess,117,"A fight breaks out, and Joel has to take down the whole patrol.","Завязывается схватка, и Джоэлу приходится перебить патрульных.","Вспышки выстрелов, силуэты падают."
0253,10:12,10:14,1.8,Beyond the Wall: Tess,118,Tess picks up the fallen scanner — and freezes.,Тесс поднимает упавший сканер — и замирает.,Рука Тесс поднимает сканер с мокрого асфальта.
0254,10:14,10:16,1.8,Beyond the Wall: Tess,118,Tess picks up the fallen scanner — and freezes.,Тесс поднимает упавший сканер — и замирает.,Крупно: экран сканера горит красным.
0255,10:16,10:18,1.6,Beyond the Wall: Tess,119,Ellie is infected.,Элли заражена.,Тесс медленно поднимает глаза на Элли.
0256,10:18,10:19,1.8,Beyond the Wall: Tess,120,Joel immediately aims his pistol at the girl.,Джоэл тут же наводит на девочку пистолет.,Джоэл резко выхватывает пистолет.
0257,10:19,10:21,1.8,Beyond the Wall: Tess,120,Joel immediately aims his pistol at the girl.,Джоэл тут же наводит на девочку пистолет.,"Ствол пистолета в кадре, за ним испуганное лицо Элли."
0258,10:21,10:24,2.2,Beyond the Wall: Tess,121,Ellie rolls up her sleeve and shows them the bite.,Элли закатывает рукав и показывает укус.,Элли закатывает рукав.
0259,10:24,10:26,2.2,Beyond the Wall: Tess,121,Ellie rolls up her sleeve and shows them the bite.,Элли закатывает рукав и показывает укус.,На предплечье зарубцевавшийся след от зубов.
0260,10:26,10:28,2.8,Beyond the Wall: Tess,122,The bite is three weeks old.,Этому укусу три недели.,"Крупно: старый шрам, вокруг чистая кожа без тёмных вен."
0261,10:28,10:32,3.2,Beyond the Wall: Tess,123,"Anyone else would have turned into a monster long ago, but Ellie is still herself.","Любой другой человек давно превратился бы в чудовище, а Элли по-прежнему остаётся собой.",Разделённый экран: слева силуэт заражённого.
0262,10:32,10:35,3.2,Beyond the Wall: Tess,123,"Anyone else would have turned into a monster long ago, but Ellie is still herself.","Любой другой человек давно превратился бы в чудовище, а Элли по-прежнему остаётся собой.",Справа живая Элли упрямо сжимает губы.
0263,10:35,10:38,2.7,Beyond the Wall: Tess,124,"That's why the Fireflies need her: she's immune, and their scientists hope to use her to make a vaccine.","Вот зачем она нужна «Цикадам»: у неё иммунитет, и их учёные надеются создать на её основе вакцину.",Элли смотрит на свой шрам.
0264,10:38,10:40,2.7,Beyond the Wall: Tess,124,"That's why the Fireflies need her: she's immune, and their scientists hope to use her to make a vaccine.","Вот зачем она нужна «Цикадам»: у неё иммунитет, и их учёные надеются создать на её основе вакцину.","Лаборатория, учёный поднимает пробирку к свету."
0265,10:40,10:43,2.7,Beyond the Wall: Tess,124,"That's why the Fireflies need her: she's immune, and their scientists hope to use her to make a vaccine.","Вот зачем она нужна «Цикадам»: у неё иммунитет, и их учёные надеются создать на её основе вакцину.",Анимация: вокруг капли на стекле рассыпаются нити гриба.
0266,10:43,10:45,2.4,Beyond the Wall: Tess,125,"Joel wants to walk away from the whole thing, but Tess talks him into seeing it through.","Джоэл хочет всё бросить, но Тесс уговаривает его довести дело до конца.",Джоэл и Тесс спорят вполголоса.
0267,10:45,10:48,2.4,Beyond the Wall: Tess,125,"Joel wants to walk away from the whole thing, but Tess talks him into seeing it through.","Джоэл хочет всё бросить, но Тесс уговаривает его довести дело до конца.","Элли стоит в стороне, обхватив себя руками."
0268,10:48,10:50,2.4,Beyond the Wall: Tess,125,"Joel wants to walk away from the whole thing, but Tess talks him into seeing it through.","Джоэл хочет всё бросить, но Тесс уговаривает его довести дело до конца.","Тесс кладёт руку Джоэлу на плечо, он нехотя кивает."
0269,10:50,10:51,1.4,Beyond the Wall: Tess,126,Beyond the wall lies dead Boston.,За стеной перед ними открывается мёртвый Бостон.,"Утренняя дымка над руинами, небоскрёбы в зелени."
0270,10:51,10:53,1.4,Beyond the Wall: Tess,126,Beyond the wall lies dead Boston.,За стеной перед ними открывается мёртвый Бостон.,С пустой улицы взлетает стая птиц.
0271,10:53,10:55,2.4,Beyond the Wall: Tess,127,"For the first time, Ellie sees the outside world, and she can't take her eyes off it.",Элли впервые видит мир снаружи и не может отвести глаз.,Элли с приоткрытым ртом смотрит на заросший город.
0272,10:55,10:58,2.4,Beyond the Wall: Tess,127,"For the first time, Ellie sees the outside world, and she can't take her eyes off it.",Элли впервые видит мир снаружи и не может отвести глаз.,Ветер треплет её волосы.
0273,10:58,11:00,2.4,Beyond the Wall: Tess,127,"For the first time, Ellie sees the outside world, and she can't take her eyes off it.",Элли впервые видит мир снаружи и не может отвести глаз.,"Её отражение в разбитой витрине, за ним огромный город."
0274,11:00,11:02,2.0,Beyond the Wall: Tess,128,"Everything amazes her: rusted cars, empty shops, signs from a world she never knew.","Её поражает всё: ржавые машины, пустые магазины, вывески из мира, которого она никогда не знала.",Элли трогает облупившуюся вывеску кафе.
0275,11:02,11:04,2.0,Beyond the Wall: Tess,128,"Everything amazes her: rusted cars, empty shops, signs from a world she never knew.","Её поражает всё: ржавые машины, пустые магазины, вывески из мира, которого она никогда не знала.",Заглядывает в ржавую машину.
0276,11:04,11:06,2.0,Beyond the Wall: Tess,128,"Everything amazes her: rusted cars, empty shops, signs from a world she never knew.","Её поражает всё: ржавые машины, пустые магазины, вывески из мира, которого она никогда не знала.",Крупно: выцветший рекламный плакат.
0277,11:06,11:09,3.0,Beyond the Wall: Tess,129,"Tess is warmer to the girl than Joel is, and Ellie takes to her.","Тесс относится к девочке теплее, чем Джоэл, и Элли тянется к ней.",Тесс помогает Элли перелезть через завал.
0278,11:09,11:12,3.0,Beyond the Wall: Tess,129,"Tess is warmer to the girl than Joel is, and Ellie takes to her.","Тесс относится к девочке теплее, чем Джоэл, и Элли тянется к ней.",Элли улыбается ей в ответ.
0279,11:12,11:14,1.9,Beyond the Wall: Tess,130,"Their path runs through a leaning skyscraper, flooded streets, and a pitch-dark museum.","Их путь лежит через покосившийся небоскрёб, затопленные улицы и тёмный музей.","Небоскрёб, привалившийся к соседнему зданию."
0280,11:14,11:16,1.9,Beyond the Wall: Tess,130,"Their path runs through a leaning skyscraper, flooded streets, and a pitch-dark museum.","Их путь лежит через покосившийся небоскрёб, затопленные улицы и тёмный музей.",Трое идут по доске между окнами над пропастью.
0281,11:16,11:18,1.9,Beyond the Wall: Tess,130,"Their path runs through a leaning skyscraper, flooded streets, and a pitch-dark museum.","Их путь лежит через покосившийся небоскрёб, затопленные улицы и тёмный музей.",Тёмный зал музея с разбитыми витринами.
0282,11:18,11:19,1.6,Beyond the Wall: Tess,131,"Then, in the darkness, the clicking starts.",В темноте раздаются щелчки.,"Чёрный кадр, только луч фонарика."
0283,11:19,11:21,1.6,Beyond the Wall: Tess,131,"Then, in the darkness, the clicking starts.",В темноте раздаются щелчки.,Из глубины доносится «щёлк-щёлк».
0284,11:21,11:24,2.8,Beyond the Wall: Tess,132,"Clickers hunt by sound, and any noise here could cost you your life.","Щелкуны охотятся на звук, и любой шорох здесь может стоить жизни.",Щелкун резко разворачивается на шум.
0285,11:24,11:27,2.8,Beyond the Wall: Tess,132,"Clickers hunt by sound, and any noise here could cost you your life.","Щелкуны охотятся на звук, и любой шорох здесь может стоить жизни.",Джоэл заталкивает Элли себе за спину.
0286,11:27,11:28,1.6,Beyond the Wall: Tess,133,"One by one, they creep past the blind monsters, barely breathing.","Друг за другом они крадутся мимо слепых чудовищ, почти не дыша.",Трое пригнулись за музейной витриной.
0287,11:28,11:30,1.6,Beyond the Wall: Tess,133,"One by one, they creep past the blind monsters, barely breathing.","Друг за другом они крадутся мимо слепых чудовищ, почти не дыша.",В шаге от них медленно проходит щелкун.
0288,11:30,11:31,1.6,Beyond the Wall: Tess,133,"One by one, they creep past the blind monsters, barely breathing.","Друг за другом они крадутся мимо слепых чудовищ, почти не дыша.",Крупно: Элли зажимает себе рот ладонью.
0289,11:31,11:34,2.8,Beyond the Wall: Tess,134,"At last, they reach the Capitol.",Наконец они добираются до Капитолия.,Купол Капитолия в сером тумане.
0290,11:34,11:36,2.0,Beyond the Wall: Tess,135,This is where their journey is supposed to end.,Здесь их путь должен закончиться.,Трое поднимаются по ступеням к массивным дверям.
0291,11:36,11:38,2.0,Beyond the Wall: Tess,135,This is where their journey is supposed to end.,Здесь их путь должен закончиться.,Джоэл толкает тяжёлую дверь.
0292,11:38,11:40,2.4,Beyond the Wall: Tess,136,But the Fireflies who were supposed to meet them are dead.,"Но «Цикады», которые должны были их встретить, мертвы.",Двери распахиваются: разгромленный зал.
0293,11:40,11:43,2.4,Beyond the Wall: Tess,136,But the Fireflies who were supposed to meet them are dead.,"Но «Цикады», которые должны были их встретить, мертвы.","Брошенное оружие, на полу рюкзак со знаком «Цикад»."
0294,11:43,11:45,2.0,Beyond the Wall: Tess,137,Tess is devastated: was this whole journey for nothing?,Тесс в отчаянии: неужели весь этот путь был напрасным?,"Тесс бьёт кулаком по стене, голос срывается на крик."
0295,11:45,11:47,2.0,Beyond the Wall: Tess,137,Tess is devastated: was this whole journey for nothing?,Тесс в отчаянии: неужели весь этот путь был напрасным?,Эхо её крика разносится по пустому залу.
0296,11:47,11:49,2.2,Beyond the Wall: Tess,138,And then Tess admits something terrible: she's been bitten too.,И тут Тесс признаётся в страшном: её тоже укусили.,Тесс оттягивает ворот куртки.
0297,11:49,11:51,2.2,Beyond the Wall: Tess,138,And then Tess admits something terrible: she's been bitten too.,И тут Тесс признаётся в страшном: её тоже укусили.,Крупно: на шее свежий укус.
0298,11:51,11:54,2.3,Beyond the Wall: Tess,139,"It happened in one of the fights along the way, and unlike Ellie, she isn't immune.","Это случилось в одной из стычек по дороге, и, в отличие от Элли, иммунитета у неё нет.",Короткий флэшбек: в темноте заражённый бросается на Тесс.
0299,11:54,11:56,2.3,Beyond the Wall: Tess,139,"It happened in one of the fights along the way, and unlike Ellie, she isn't immune.","Это случилось в одной из стычек по дороге, и, в отличие от Элли, иммунитета у неё нет.","Вены вокруг раны темнеют, Тесс опирается о стену."
0300,11:56,11:58,2.3,Beyond the Wall: Tess,139,"It happened in one of the fights along the way, and unlike Ellie, she isn't immune.","Это случилось в одной из стычек по дороге, и, в отличие от Элли, иммунитета у неё нет.","Джоэл отшатывается, глядя на Тесс."
0301,11:58,12:00,1.8,Beyond the Wall: Tess,140,And the soldiers are already on their trail.,А по их следу уже идут солдаты.,Снаружи тормозит грузовик.
0302,12:00,12:02,1.8,Beyond the Wall: Tess,140,And the soldiers are already on their trail.,А по их следу уже идут солдаты.,Из него выпрыгивают солдаты.
0303,12:02,12:04,2.0,Beyond the Wall: Tess,141,Tess makes a decision.,Тесс принимает решение.,"Крупно: Тесс сжимает пистолет, во взгляде решимость."
0304,12:04,12:05,1.8,Beyond the Wall: Tess,142,She'll stay behind and hold off the soldiers.,"Она остаётся, чтобы задержать военных.",Тесс придвигает шкаф к двери.
0305,12:05,12:07,1.8,Beyond the Wall: Tess,142,She'll stay behind and hold off the soldiers.,"Она остаётся, чтобы задержать военных.",Щелчок затвора.
0306,12:07,12:10,2.8,Beyond the Wall: Tess,143,"She can't be saved anyway: soon, she'll become one of those things herself.",Ей всё равно не спастись: совсем скоро она сама превратится в одну из этих тварей.,Тесс смотрит на свои дрожащие руки.
0307,12:10,12:13,2.8,Beyond the Wall: Tess,143,"She can't be saved anyway: soon, she'll become one of those things herself.",Ей всё равно не спастись: совсем скоро она сама превратится в одну из этих тварей.,"Крупно: вены на шее Тесс темнеют, она стискивает зубы."
0308,12:13,12:16,3.1,Beyond the Wall: Tess,144,Her last request to Joel: get Ellie to Tommy — his brother was a Firefly once and will know where to find them.,"Её последняя просьба к Джоэлу: довести Элли до Томми, ведь его брат когда-то сам был в «Цикадах» и знает, где их искать.",Тесс хватает Джоэла за воротник.
0309,12:16,12:19,3.1,Beyond the Wall: Tess,144,Her last request to Joel: get Ellie to Tommy — his brother was a Firefly once and will know where to find them.,"Её последняя просьба к Джоэлу: довести Элли до Томми, ведь его брат когда-то сам был в «Цикадах» и знает, где их искать.",Говорит ему прямо в лицо.
0310,12:19,12:22,3.1,Beyond the Wall: Tess,144,Her last request to Joel: get Ellie to Tommy — his brother was a Firefly once and will know where to find them.,"Её последняя просьба к Джоэлу: довести Элли до Томми, ведь его брат когда-то сам был в «Цикадах» и знает, где их искать.",Вспышка-воспоминание: Томми из пролога.
0311,12:22,12:25,3.0,Beyond the Wall: Tess,145,"Tess believes this girl is a real chance, and she won't let Joel argue.","Тесс верит, что эта девочка — настоящий шанс, и не даёт Джоэлу возразить.",Тесс толкает Джоэла к выходу.
0312,12:25,12:28,3.0,Beyond the Wall: Tess,145,"Tess believes this girl is a real chance, and she won't let Joel argue.","Тесс верит, что эта девочка — настоящий шанс, и не даёт Джоэлу возразить.",Элли тянет его за рукав.
0313,12:28,12:30,2.0,Beyond the Wall: Tess,146,Joel and Ellie run.,Джоэл и Элли бегут.,Двое мчатся по коридору.
0314,12:30,12:31,1.0,Beyond the Wall: Tess,147,"Behind them, gunfire erupts.",За их спинами гремят выстрелы.,Вспышки выстрелов в окнах зала.
0315,12:31,12:32,1.0,Beyond the Wall: Tess,147,"Behind them, gunfire erupts.",За их спинами гремят выстрелы.,Камера трясётся от грохота.
0316,12:32,12:35,3.0,Beyond the Wall: Tess,148,"When it goes quiet, Joel looks back and sees Tess lying on the floor.","Когда всё стихает, Джоэл оглядывается и видит: Тесс лежит на полу.","Выстрелы стихают, повисает тишина."
0317,12:35,12:38,3.0,Beyond the Wall: Tess,148,"When it goes quiet, Joel looks back and sees Tess lying on the floor.","Когда всё стихает, Джоэл оглядывается и видит: Тесс лежит на полу.",Через дверной проём видно: солдаты стоят над неподвижной Тесс.
0318,12:38,12:40,1.8,Beyond the Wall: Tess,149,He has lost another person he cared about.,Он потерял ещё одного близкого человека.,"Лицо Джоэла: стиснутые зубы, пустой взгляд."
0319,12:40,12:42,1.8,Beyond the Wall: Tess,149,He has lost another person he cared about.,Он потерял ещё одного близкого человека.,Камера медленно отъезжает от одинокой фигуры Джоэла.
0320,12:42,12:43,1.4,Beyond the Wall: Tess,150,Now it's just Joel and Ellie.,Теперь Джоэл и Элли остались вдвоём.,Двое уходят от Капитолия по пустой улице.
0321,12:43,12:44,1.4,Beyond the Wall: Tess,150,Now it's just Joel and Ellie.,Теперь Джоэл и Элли остались вдвоём.,Между ними несколько шагов.
0322,12:44,12:47,2.4,Beyond the Wall: Tess,151,"He has lost his partner, and she has lost the only adult she was starting to trust.","Он потерял напарницу, а она — единственного взрослого, которому начала доверять.",Элли оглядывается на Капитолий.
0323,12:47,12:49,2.4,Beyond the Wall: Tess,151,"He has lost his partner, and she has lost the only adult she was starting to trust.","Он потерял напарницу, а она — единственного взрослого, которому начала доверять.",Крупно: Элли смахивает слезу.
0324,12:49,12:52,2.4,Beyond the Wall: Tess,151,"He has lost his partner, and she has lost the only adult she was starting to trust.","Он потерял напарницу, а она — единственного взрослого, которому начала доверять.",Джоэл идёт вперёд не останавливаясь.
0325,12:53,12:56,3.2,Bill's Town,152,"Tommy lives somewhere far out west, and there's no way to get there on foot.","Томми живёт где-то далеко на западе, и пешком туда не дойти.",Карта: линия от Бостона тянется на запад через всю страну.
0326,12:56,12:59,3.2,Bill's Town,152,"Tommy lives somewhere far out west, and there's no way to get there on foot.","Томми живёт где-то далеко на западе, и пешком туда не дойти.",Крупно: стоптанные ботинки Джоэла на асфальте.
0327,12:59,13:01,2.4,Bill's Town,153,"Joel needs a car, and he knows who owes him a favor — an old acquaintance named Bill.","Джоэлу нужна машина, и он знает, кто ему задолжал, — старый знакомый по имени Билл.",Джоэл на ходу что-то объясняет.
0328,13:01,13:04,2.4,Bill's Town,153,"Joel needs a car, and he knows who owes him a favor — an old acquaintance named Bill.","Джоэлу нужна машина, и он знает, кто ему задолжал, — старый знакомый по имени Билл.",Вспышка-воспоминание: небритый хмурый Билл.
0329,13:04,13:06,2.4,Bill's Town,153,"Joel needs a car, and he knows who owes him a favor — an old acquaintance named Bill.","Джоэлу нужна машина, и он знает, кто ему задолжал, — старый знакомый по имени Билл.",Элли шагает рядом и пинает камешек.
0330,13:06,13:09,3.0,Bill's Town,154,Bill lives all alone in a small town he has turned into a fortress.,"Билл живёт совсем один в маленьком городке, который превратил в неприступную крепость.",Городок за баррикадами из автобусов и колючей проволоки.
0331,13:09,13:12,3.0,Bill's Town,154,Bill lives all alone in a small town he has turned into a fortress.,"Билл живёт совсем один в маленьком городке, который превратил в неприступную крепость.","Табличка «Линкольн», изрешечённая пулями."
0332,13:12,13:14,1.3,Bill's Town,155,"Every street here is booby-trapped, every gate a snare.","Каждая улица здесь заминирована, каждая калитка — ловушка.",Растяжка поперёк дороги.
0333,13:14,13:15,1.3,Bill's Town,155,"Every street here is booby-trapped, every gate a snare.","Каждая улица здесь заминирована, каждая калитка — ловушка.",Капкан в траве.
0334,13:15,13:16,1.3,Bill's Town,155,"Every street here is booby-trapped, every gate a snare.","Каждая улица здесь заминирована, каждая калитка — ловушка.",Жестяные банки на натянутой верёвке.
0335,13:16,13:19,2.4,Bill's Town,156,Joel walks right into one: a rope yanks him upside down.,В одну из них попадается сам Джоэл: верёвка вздёргивает его вверх ногами.,Петля захлёстывает ногу Джоэла.
0336,13:19,13:21,2.4,Bill's Town,156,Joel walks right into one: a rope yanks him upside down.,В одну из них попадается сам Джоэл: верёвка вздёргивает его вверх ногами.,Он взлетает и повисает вниз головой.
0337,13:21,13:23,2.4,Bill's Town,157,The noise draws the infected.,На шум сбегаются заражённые.,Из-за домов выскакивают бегуны.
0338,13:23,13:27,3.2,Bill's Town,158,"Ellie frees Joel, and then the owner of the town himself comes to the rescue.","Элли освобождает Джоэла, и тут на помощь приходит сам хозяин города.","Элли режет верёвку, Джоэл падает на землю."
0339,13:27,13:30,3.2,Bill's Town,158,"Ellie frees Joel, and then the owner of the town himself comes to the rescue.","Элли освобождает Джоэла, и тут на помощь приходит сам хозяин города.",Из-за угла выходит небритый мужчина с дробовиком.
0340,13:30,13:33,2.8,Bill's Town,159,"Bill is paranoid, grumpy, and probably the best survivor in the whole area.","Билл — параноик, ворчун и, пожалуй, лучший выживальщик во всей округе.",Билл в жилетке с кучей карманов подозрительно щурится.
0341,13:33,13:35,2.8,Bill's Town,159,"Bill is paranoid, grumpy, and probably the best survivor in the whole area.","Билл — параноик, ворчун и, пожалуй, лучший выживальщик во всей округе.","Быстрый монтаж: его склад, полки с консервами и оружием."
0342,13:35,13:39,3.2,Bill's Town,160,"He trusts no one, and he's definitely not happy to see guests with a kid.",Он не доверяет никому и уж точно не рад гостям с ребёнком.,Билл тычет пальцем в Элли.
0343,13:39,13:42,3.2,Bill's Town,160,"He trusts no one, and he's definitely not happy to see guests with a kid.",Он не доверяет никому и уж точно не рад гостям с ребёнком.,"Билл демонстративно пересчитывает патроны, косясь на гостей."
0344,13:42,13:45,3.2,Bill's Town,161,Ellie doesn't back down and snaps back with a sarcastic remark every chance she gets.,Элли в долгу не остаётся и язвит в ответ при каждом удобном случае.,Элли показывает Биллу язык.
0345,13:45,13:48,3.2,Bill's Town,161,Ellie doesn't back down and snaps back with a sarcastic remark every chance she gets.,Элли в долгу не остаётся и язвит в ответ при каждом удобном случае.,"Передразнивает его за спиной, Джоэл прячет усмешку."
0346,13:48,13:51,3.0,Bill's Town,162,"But a debt is a debt, and Bill agrees to help with the car.","Но долг есть долг, и Билл соглашается помочь с машиной.",Билл тяжело вздыхает и машет рукой: «Идём».
0347,13:51,13:54,3.0,Bill's Town,162,"But a debt is a debt, and Bill agrees to help with the car.","Но долг есть долг, и Билл соглашается помочь с машиной.",Троица шагает по пустой улице городка.
0348,13:54,13:56,2.0,Bill's Town,163,"Along the way, he shares his philosophy with Joel.",По дороге он делится с Джоэлом своей философией.,"Билл шагает впереди и говорит, не оборачиваясь."
0349,13:56,13:58,2.0,Bill's Town,163,"Along the way, he shares his philosophy with Joel.",По дороге он делится с Джоэлом своей философией.,"Джоэл слушает молча, Элли идёт позади."
0350,13:58,14:00,2.2,Bill's Town,164,"Once, he had a partner — someone he took care of.","Когда-то у него был напарник — человек, о котором он заботился.",Старая фотография: двое мужчин улыбаются на крыльце.
0351,14:00,14:03,2.2,Bill's Town,164,"Once, he had a partner — someone he took care of.","Когда-то у него был напарник — человек, о котором он заботился.",Билл быстро убирает фото в карман.
0352,14:03,14:06,3.0,Bill's Town,165,"But in this world, getting attached is a weakness that will get you killed.","Но в этом мире привязанность — это слабость, которая тебя и погубит.",Билл останавливается и тяжело смотрит на Джоэла.
0353,14:06,14:09,3.0,Bill's Town,165,"But in this world, getting attached is a weakness that will get you killed.","Но в этом мире привязанность — это слабость, которая тебя и погубит.",Крупно: у Билла дёргается скула.
0354,14:09,14:11,2.2,Bill's Town,166,So Bill decided never to get attached to anyone again.,Поэтому Билл решил больше ни к кому не привязываться.,"Билл на секунду закрывает глаза, отгоняя воспоминание."
0355,14:11,14:13,2.2,Bill's Town,166,So Bill decided never to get attached to anyone again.,Поэтому Билл решил больше ни к кому не привязываться.,Билл запирает массивную дверь на несколько засовов.
0356,14:13,14:15,2.4,Bill's Town,167,Joel says nothing — it seems he lives by the same rules.,"Джоэл молчит: похоже, он и сам живёт по тем же правилам.",Джоэл косится на Элли.
0357,14:15,14:18,2.4,Bill's Town,167,Joel says nothing — it seems he lives by the same rules.,"Джоэл молчит: похоже, он и сам живёт по тем же правилам.",И отводит взгляд.
0358,14:18,14:20,2.4,Bill's Town,168,"Searching for a car battery, they fight their way through an abandoned high school crawling with infected.","В поисках аккумулятора для машины они прорываются через заброшенную школу, где кишат заражённые.","Школьный коридор со шкафчиками, мигает лампа."
0359,14:20,14:23,2.4,Bill's Town,168,"Searching for a car battery, they fight their way through an abandoned high school crawling with infected.","В поисках аккумулятора для машины они прорываются через заброшенную школу, где кишат заражённые.",Из спортзала выходит огромный топляк.
0360,14:23,14:25,2.4,Bill's Town,168,"Searching for a car battery, they fight their way through an abandoned high school crawling with infected.","В поисках аккумулятора для машины они прорываются через заброшенную школу, где кишат заражённые.","Трое бегут по коридору, топляк ломится следом."
0361,14:25,14:27,2.4,Bill's Town,169,"Ellie pitches in, throwing bottles and bricks to distract the infected.","Элли вовсю помогает: швыряет бутылки и кирпичи, отвлекая заражённых.",Элли бросает бутылку в дальний угол.
0362,14:27,14:30,2.4,Bill's Town,169,"Ellie pitches in, throwing bottles and bricks to distract the infected.","Элли вовсю помогает: швыряет бутылки и кирпичи, отвлекая заражённых.",Заражённые бегут на звон стекла.
0363,14:30,14:32,1.8,Bill's Town,170,And then they find Bill's old partner — Frank.,А потом находят того самого напарника Билла — Фрэнка.,Приоткрытая дверь дома.
0364,14:32,14:33,1.8,Bill's Town,170,And then they find Bill's old partner — Frank.,А потом находят того самого напарника Билла — Фрэнка.,Билл замирает на пороге.
0365,14:33,14:36,2.3,Bill's Town,171,"Frank had been bitten, and rather than turn into a monster, he took his own life.","Фрэнка укусили, и, чтобы не превратиться в чудовище, он покончил с собой.",Тень на стене.
0366,14:36,14:38,2.3,Bill's Town,171,"Frank had been bitten, and rather than turn into a monster, he took his own life.","Фрэнка укусили, и, чтобы не превратиться в чудовище, он покончил с собой.",Билл медленно опускает оружие.
0367,14:38,14:40,2.3,Bill's Town,171,"Frank had been bitten, and rather than turn into a monster, he took his own life.","Фрэнка укусили, и, чтобы не превратиться в чудовище, он покончил с собой.",Билл закрывает глаза.
0368,14:40,14:43,2.8,Bill's Town,172,Beside him lies a farewell note.,Рядом лежит его прощальная записка.,Смятый листок бумаги на полу.
0369,14:43,14:46,2.8,Bill's Town,173,"In it, Frank writes that he was sick of this town, the walls, the constant fear — and of Bill himself.","Фрэнк пишет, что устал от этого города, от стен, от вечного страха — и от самого Билла.","Крупно: неровный почерк, строчки расплываются."
0370,14:46,14:49,2.8,Bill's Town,173,"In it, Frank writes that he was sick of this town, the walls, the constant fear — and of Bill himself.","Фрэнк пишет, что устал от этого города, от стен, от вечного страха — и от самого Билла.",Воспоминание: Фрэнк отворачивается от Билла.
0371,14:49,14:51,2.8,Bill's Town,173,"In it, Frank writes that he was sick of this town, the walls, the constant fear — and of Bill himself.","Фрэнк пишет, что устал от этого города, от стен, от вечного страха — и от самого Билла.",Записка выскальзывает из пальцев Билла.
0372,14:51,14:54,2.4,Bill's Town,174,"Bill spent his whole life building walls to keep the pain out, but it found him anyway.","Билл всю жизнь строил стены, чтобы защититься от боли, но она всё равно его нашла.",Билл один в пустой комнате сжимает записку в кулаке.
0373,14:54,14:56,2.4,Bill's Town,174,"Bill spent his whole life building walls to keep the pain out, but it found him anyway.","Билл всю жизнь строил стены, чтобы защититься от боли, но она всё равно его нашла.","Камера отъезжает, комната кажется огромной и пустой."
0374,14:56,14:59,2.4,Bill's Town,174,"Bill spent his whole life building walls to keep the pain out, but it found him anyway.","Билл всю жизнь строил стены, чтобы защититься от боли, но она всё равно его нашла.","Медленный пролёт над опустевшим городком: стены, ловушки, баррикады."
0375,14:59,15:01,2.6,Bill's Town,175,"For Joel, it's a silent warning: whoever gets attached risks losing everything.","Для Джоэла это молчаливое предупреждение: тот, кто привязывается, рискует потерять всё.","Джоэл смотрит на Элли, стоящую в дверях."
0376,15:01,15:04,2.6,Bill's Town,175,"For Joel, it's a silent warning: whoever gets attached risks losing everything.","Для Джоэла это молчаливое предупреждение: тот, кто привязывается, рискует потерять всё.",Он отворачивается.
0377,15:04,15:07,2.7,Bill's Town,176,In Frank's garage sits a pickup with a charged battery — it looks like Frank was planning to leave too.,"В гараже Фрэнка стоит пикап с заряженным аккумулятором — похоже, Фрэнк и сам собирался уехать.","Старый пикап в гараже, Джоэл открывает капот."
0378,15:07,15:09,2.7,Bill's Town,176,In Frank's garage sits a pickup with a charged battery — it looks like Frank was planning to leave too.,"В гараже Фрэнка стоит пикап с заряженным аккумулятором — похоже, Фрэнк и сам собирался уехать.","Крупно: аккумулятор, стрелка заряда."
0379,15:09,15:12,2.7,Bill's Town,176,In Frank's garage sits a pickup with a charged battery — it looks like Frank was planning to leave too.,"В гараже Фрэнка стоит пикап с заряженным аккумулятором — похоже, Фрэнк и сам собирался уехать.",Элли радостно хлопает ладонью по капоту.
0380,15:12,15:15,2.7,Bill's Town,177,"The infected are closing in, the engine won't start, and all three of them have to push the truck.","Заражённые наседают, двигатель не заводится, и машину приходится толкать втроём.",Трое толкают пикап.
0381,15:15,15:17,2.7,Bill's Town,177,"The infected are closing in, the engine won't start, and all three of them have to push the truck.","Заражённые наседают, двигатель не заводится, и машину приходится толкать втроём.",Позади несётся толпа бегунов.
0382,15:17,15:20,2.7,Bill's Town,177,"The infected are closing in, the engine won't start, and all three of them have to push the truck.","Заражённые наседают, двигатель не заводится, и машину приходится толкать втроём.",Бегуны уже в нескольких метрах.
0383,15:20,15:22,2.0,Bill's Town,178,"At the last second, the engine roars to life.",В последний момент мотор оживает.,"Вспыхивают фары, из выхлопной трубы вырывается дым."
0384,15:22,15:24,2.0,Bill's Town,178,"At the last second, the engine roars to life.",В последний момент мотор оживает.,"Пикап срывается с места, разбрасывая заражённых."
0385,15:24,15:26,2.6,Bill's Town,179,"Bill lets them keep the truck, and Joel and Ellie drive off.","Билл отдаёт им машину, и Джоэл с Элли уезжают.",Пикап выезжает за ворота.
0386,15:26,15:29,2.6,Bill's Town,179,"Bill lets them keep the truck, and Joel and Ellie drive off.","Билл отдаёт им машину, и Джоэл с Элли уезжают.",Билл одиноко стоит у баррикады.
0387,15:29,15:32,2.8,Bill's Town,180,Now Bill doesn't owe anyone anything.,Теперь Билл никому ничего не должен.,Билл машет им вслед и запирает ворота.
0388,15:32,15:35,2.8,Bill's Town,181,"On the road, Ellie confesses she swiped an adult magazine from Bill, and tough-guy Joel doesn't know where to look.","В дороге Элли признаётся, что стащила у Билла журнал для взрослых, и суровый Джоэл не знает, куда деть глаза.",Элли листает журнал с круглыми глазами.
0389,15:35,15:37,2.8,Bill's Town,181,"On the road, Ellie confesses she swiped an adult magazine from Bill, and tough-guy Joel doesn't know where to look.","В дороге Элли признаётся, что стащила у Билла журнал для взрослых, и суровый Джоэл не знает, куда деть глаза.",Джоэл краснеет и упрямо смотрит на дорогу.
0390,15:37,15:40,2.8,Bill's Town,181,"On the road, Ellie confesses she swiped an adult magazine from Bill, and tough-guy Joel doesn't know where to look.","В дороге Элли признаётся, что стащила у Билла журнал для взрослых, и суровый Джоэл не знает, куда деть глаза.",Журнал улетает в открытое окно.
0391,15:40,15:43,2.3,Bill's Town,182,"More importantly, she also took a pistol from Bill — and very soon, it'll come in handy.","Но главное, она прихватила у Билла пистолет — и очень скоро он пригодится.",Элли украдкой проверяет пистолет в рюкзаке.
0392,15:43,15:45,2.3,Bill's Town,182,"More importantly, she also took a pistol from Bill — and very soon, it'll come in handy.","Но главное, она прихватила у Билла пистолет — и очень скоро он пригодится.",Крупно: пистолет в её руке.
0393,15:45,15:47,2.3,Bill's Town,182,"More importantly, she also took a pistol from Bill — and very soon, it'll come in handy.","Но главное, она прихватила у Билла пистолет — и очень скоро он пригодится.",Отражение Элли в стекле: она довольно улыбается.
0394,15:47,15:49,1.6,Bill's Town,183,Next stop: Pittsburgh.,Впереди Питтсбург.,Пикап едет по пустому шоссе к силуэту далёкого города.
0395,15:50,15:53,3.2,Pittsburgh: The Hunters,184,"So: Tess is dead, Boston is far behind, and Joel and Ellie finally have wheels.","Итак, Тесс погибла, Бостон далеко позади, а у Джоэла и Элли наконец есть колёса.","Пикап мчится по шоссе, в кабине Джоэл и Элли."
0396,15:53,15:56,3.2,Pittsburgh: The Hunters,184,"So: Tess is dead, Boston is far behind, and Joel and Ellie finally have wheels.","Итак, Тесс погибла, Бостон далеко позади, а у Джоэла и Элли наконец есть колёса.","Быстрые вставки: Тесс, Капитолий, стена Бостона — и снова дорога."
0397,15:56,15:59,2.7,Pittsburgh: The Hunters,185,"As they drive into the city, a wounded man stands in the middle of the road, begging for help.",На въезде в город посреди дороги стоит раненый человек и просит о помощи.,"Пикап въезжает в пустой Питтсбург, над рекой громоздятся мосты."
0398,15:59,16:01,2.7,Pittsburgh: The Hunters,185,"As they drive into the city, a wounded man stands in the middle of the road, begging for help.",На въезде в город посреди дороги стоит раненый человек и просит о помощи.,Мужчина на пустой улице держится за живот.
0399,16:01,16:04,2.7,Pittsburgh: The Hunters,185,"As they drive into the city, a wounded man stands in the middle of the road, begging for help.",На въезде в город посреди дороги стоит раненый человек и просит о помощи.,"Он машет рукой, прося остановиться."
0400,16:04,16:05,1.4,Pittsburgh: The Hunters,186,Joel knows instantly: it's a trap.,Джоэл сразу понимает: это ловушка.,Крупно: Джоэл прищуривается.
0401,16:05,16:07,1.4,Pittsburgh: The Hunters,186,Joel knows instantly: it's a trap.,Джоэл сразу понимает: это ловушка.,Пальцы крепче сжимают руль.
0402,16:07,16:08,1.6,Pittsburgh: The Hunters,187,"He hits the gas, and gunmen open fire from an ambush.","Он жмёт на газ, и из засады по машине открывают огонь.",Нога давит на педаль газа.
0403,16:08,16:10,1.6,Pittsburgh: The Hunters,187,"He hits the gas, and gunmen open fire from an ambush.","Он жмёт на газ, и из засады по машине открывают огонь.",Из окон домов летят пули.
0404,16:10,16:12,1.6,Pittsburgh: The Hunters,187,"He hits the gas, and gunmen open fire from an ambush.","Он жмёт на газ, и из засады по машине открывают огонь.",Лобовое стекло покрывается трещинами.
0405,16:12,16:13,1.6,Pittsburgh: The Hunters,188,The truck crashes through a shop window.,Пикап врезается в витрину магазина.,"Машина влетает в витрину, во все стороны летят осколки."
0406,16:13,16:15,1.6,Pittsburgh: The Hunters,188,The truck crashes through a shop window.,Пикап врезается в витрину магазина.,"Пыль оседает, Джоэл трясёт головой."
0407,16:15,16:17,2.3,Pittsburgh: The Hunters,189,"Joel deals with the attackers, and afterward Ellie asks how he knew it was an ambush.","Джоэл расправляется с нападавшими, и Элли потом спрашивает, как он догадался, что это засада.",Джоэл перезаряжает пистолет среди разбитых полок.
0408,16:17,16:19,2.3,Pittsburgh: The Hunters,189,"Joel deals with the attackers, and afterward Ellie asks how he knew it was an ambush.","Джоэл расправляется с нападавшими, и Элли потом спрашивает, как он догадался, что это засада.",Элли выглядывает из-за прилавка.
0409,16:19,16:22,2.3,Pittsburgh: The Hunters,189,"Joel deals with the attackers, and afterward Ellie asks how he knew it was an ambush.","Джоэл расправляется с нападавшими, и Элли потом спрашивает, как он догадался, что это засада.","Тишина, сквозь пыль падает полоса света."
0410,16:22,16:24,2.0,Pittsburgh: The Hunters,190,His answer is short: he's been on both sides.,Он отвечает коротко: он бывал по обе стороны.,Крупно: Джоэл не смотрит ей в глаза.
0411,16:24,16:26,2.0,Pittsburgh: The Hunters,190,His answer is short: he's been on both sides.,Он отвечает коротко: он бывал по обе стороны.,Элли внимательно смотрит на него.
0412,16:26,16:28,2.3,Pittsburgh: The Hunters,191,That one line says a lot about what he's been doing for the past twenty years.,"Одна эта фраза многое говорит о том, чем он занимался все эти двадцать лет.",Тени прошлого: силуэт Джоэла с оружием над чужими рюкзаками.
0413,16:28,16:30,2.3,Pittsburgh: The Hunters,191,That one line says a lot about what he's been doing for the past twenty years.,"Одна эта фраза многое говорит о том, чем он занимался все эти двадцать лет.",Вспышка: молодой Джоэл целится в незнакомца на дороге.
0414,16:30,16:32,2.3,Pittsburgh: The Hunters,191,That one line says a lot about what he's been doing for the past twenty years.,"Одна эта фраза многое говорит о том, чем он занимался все эти двадцать лет.",Кадр темнеет.
0415,16:32,16:35,2.4,Pittsburgh: The Hunters,192,The attackers are Hunters — gangs who took over the city after its people drove out the military.,"Нападавшие — охотники: банды, которые захватили город после того, как жители прогнали военных.",Вооружённые люди в разномастной одежде выходят из-за угла.
0416,16:35,16:37,2.4,Pittsburgh: The Hunters,192,The attackers are Hunters — gangs who took over the city after its people drove out the military.,"Нападавшие — охотники: банды, которые захватили город после того, как жители прогнали военных.",Сорванная военная эмблема валяется в грязи.
0417,16:37,16:40,2.4,Pittsburgh: The Hunters,192,The attackers are Hunters — gangs who took over the city after its people drove out the military.,"Нападавшие — охотники: банды, которые захватили город после того, как жители прогнали военных.",Граффити охотников на стене: череп и надпись «Уходи».
0418,16:40,16:42,2.4,Pittsburgh: The Hunters,193,"They track down travelers, kill them, and take everything they have.","Они выслеживают путников, убивают их и забирают всё, что у них есть.","Стол, заваленный рюкзаками, обувью и оружием погибших."
0419,16:42,16:44,2.4,Pittsburgh: The Hunters,193,"They track down travelers, kill them, and take everything they have.","Они выслеживают путников, убивают их и забирают всё, что у них есть.",Охотник примеряет чужие часы.
0420,16:44,16:47,2.8,Pittsburgh: The Hunters,194,Joel and Ellie have to sneak through neighborhoods where people are hunting them.,"Джоэлу и Элли приходится пробираться через кварталы, где за ними охотятся люди.",Джоэл и Элли пригнулись за машиной.
0421,16:47,16:50,2.8,Pittsburgh: The Hunters,194,Joel and Ellie have to sneak through neighborhoods where people are hunting them.,"Джоэлу и Элли приходится пробираться через кварталы, где за ними охотятся люди.",Мимо проходит патруль с фонарями.
0422,16:50,16:53,3.2,Pittsburgh: The Hunters,195,And this is where it becomes clear: people can be far scarier than any infected.,И здесь становится ясно: люди бывают страшнее любых заражённых.,Силуэт охотника в дверном проёме против света.
0423,16:53,16:56,3.2,Pittsburgh: The Hunters,195,And this is where it becomes clear: people can be far scarier than any infected.,И здесь становится ясно: люди бывают страшнее любых заражённых.,Резкий наезд на его холодное лицо.
0424,16:56,16:59,2.3,Pittsburgh: The Hunters,196,"In an abandoned hotel, Joel falls down an elevator shaft and gets cut off from Ellie.",В заброшенном отеле Джоэл проваливается в шахту лифта и оказывается отрезан от Элли.,Пол под Джоэлом проваливается.
0425,16:59,17:01,2.3,Pittsburgh: The Hunters,196,"In an abandoned hotel, Joel falls down an elevator shaft and gets cut off from Ellie.",В заброшенном отеле Джоэл проваливается в шахту лифта и оказывается отрезан от Элли.,Он летит вниз в тёмную шахту.
0426,17:01,17:03,2.3,Pittsburgh: The Hunters,196,"In an abandoned hotel, Joel falls down an elevator shaft and gets cut off from Ellie.",В заброшенном отеле Джоэл проваливается в шахту лифта и оказывается отрезан от Элли.,Наверху Элли кричит в темноту.
0427,17:03,17:06,2.4,Pittsburgh: The Hunters,197,He fights his way through a flooded basement full of Clickers and finally makes it back up.,"Он пробирается через затопленный подвал, полный щелкунов, и наконец выбирается наверх.","Джоэл по пояс в воде, луч фонаря выхватывает щелкуна."
0428,17:06,17:08,2.4,Pittsburgh: The Hunters,197,He fights his way through a flooded basement full of Clickers and finally makes it back up.,"Он пробирается через затопленный подвал, полный щелкунов, и наконец выбирается наверх.","Щелкун бросается на звук, Джоэл ныряет под воду."
0429,17:08,17:10,2.4,Pittsburgh: The Hunters,197,He fights his way through a flooded basement full of Clickers and finally makes it back up.,"Он пробирается через затопленный подвал, полный щелкунов, и наконец выбирается наверх.",Он карабкается вверх по лестнице.
0430,17:10,17:12,1.6,Pittsburgh: The Hunters,198,"But up there, a Hunter jumps him.",Но там на него набрасывается охотник.,Удар из темноты.
0431,17:12,17:14,1.6,Pittsburgh: The Hunters,198,"But up there, a Hunter jumps him.",Но там на него набрасывается охотник.,"Джоэл падает, противник наваливается сверху."
0432,17:14,17:15,1.8,Pittsburgh: The Hunters,199,"One more second, and Joel will be strangled.",Ещё секунда — и Джоэла задушат.,"Руки охотника на горле Джоэла, его лицо багровеет."
0433,17:15,17:17,1.8,Pittsburgh: The Hunters,199,"One more second, and Joel will be strangled.",Ещё секунда — и Джоэла задушат.,"Рука Джоэла тянется к ножу, но не достаёт."
0434,17:17,17:18,1.0,Pittsburgh: The Hunters,200,A gunshot rings out.,Раздаётся выстрел.,Вспышка за спиной охотника.
0435,17:18,17:19,1.0,Pittsburgh: The Hunters,200,A gunshot rings out.,Раздаётся выстрел.,Он заваливается набок.
0436,17:19,17:21,1.6,Pittsburgh: The Hunters,201,It's Ellie — with that pistol from Bill's.,Это Элли — с тем самым пистолетом Билла.,Камера резко разворачивается к источнику выстрела.
0437,17:21,17:22,1.6,Pittsburgh: The Hunters,201,It's Ellie — with that pistol from Bill's.,Это Элли — с тем самым пистолетом Билла.,"Элли стоит с дымящимся пистолетом, руки дрожат."
0438,17:22,17:25,2.3,Pittsburgh: The Hunters,202,"She has killed a man for the first time, and she did it to save Joel.","Она впервые убила человека, и сделала это, чтобы спасти Джоэла.",Крупно: Элли потрясённо смотрит на свои руки.
0439,17:25,17:27,2.3,Pittsburgh: The Hunters,202,"She has killed a man for the first time, and she did it to save Joel.","Она впервые убила человека, и сделала это, чтобы спасти Джоэла.",Пистолет выскальзывает из её пальцев.
0440,17:27,17:29,2.3,Pittsburgh: The Hunters,202,"She has killed a man for the first time, and she did it to save Joel.","Она впервые убила человека, и сделала это, чтобы спасти Джоэла.",Джоэл поднимается и смотрит на неё.
0441,17:29,17:32,2.3,Pittsburgh: The Hunters,203,"Joel is angry she didn't stay hidden, but Ellie answers simply: she just saved his life.","Джоэл злится, что она не осталась в укрытии, но Элли отвечает просто: вообще-то она спасла ему жизнь.",Джоэл что-то резко говорит.
0442,17:32,17:34,2.3,Pittsburgh: The Hunters,203,"Joel is angry she didn't stay hidden, but Ellie answers simply: she just saved his life.","Джоэл злится, что она не осталась в укрытии, но Элли отвечает просто: вообще-то она спасла ему жизнь.",Элли упрямо вскидывает подбородок.
0443,17:34,17:36,2.3,Pittsburgh: The Hunters,203,"Joel is angry she didn't stay hidden, but Ellie answers simply: she just saved his life.","Джоэл злится, что она не осталась в укрытии, но Элли отвечает просто: вообще-то она спасла ему жизнь.",Элли демонстративно убирает пистолет за пояс.
0444,17:36,17:39,2.8,Pittsburgh: The Hunters,204,"Joel wanted to keep her out of all this, but now he understands: she's not cargo anymore — she's a partner.","Джоэл хотел уберечь её от всего этого, но теперь понимает: рядом с ним уже не груз, а напарник.",Джоэл тяжело выдыхает.
0445,17:39,17:42,2.8,Pittsburgh: The Hunters,204,"Joel wanted to keep her out of all this, but now he understands: she's not cargo anymore — she's a partner.","Джоэл хотел уберечь её от всего этого, но теперь понимает: рядом с ним уже не груз, а напарник.",Он впервые смотрит на Элли по-новому.
0446,17:42,17:44,2.8,Pittsburgh: The Hunters,204,"Joel wanted to keep her out of all this, but now he understands: she's not cargo anymore — she's a partner.","Джоэл хотел уберечь её от всего этого, но теперь понимает: рядом с ним уже не груз, а напарник.","Он коротко кивает ей, она кивает в ответ."
0447,17:44,17:47,2.2,Pittsburgh: The Hunters,205,"Soon after, they run into two brothers — Henry and Sam.",Вскоре они натыкаются на двух братьев — Генри и Сэма.,Из-за угла выходят молодой мужчина и мальчик-подросток.
0448,17:47,17:49,2.2,Pittsburgh: The Hunters,205,"Soon after, they run into two brothers — Henry and Sam.",Вскоре они натыкаются на двух братьев — Генри и Сэма.,"Крупно: Генри держит пистолет, Сэм выглядывает из-за его спины."
0449,17:49,17:51,2.4,Pittsburgh: The Hunters,206,"At first, everyone holds each other at gunpoint, but they quickly realize they share the same enemy.","Сначала все держат друг друга на прицеле, но быстро понимают, что враг у них общий.",Джоэл и Генри целятся друг в друга.
0450,17:51,17:54,2.4,Pittsburgh: The Hunters,206,"At first, everyone holds each other at gunpoint, but they quickly realize they share the same enemy.","Сначала все держат друг друга на прицеле, но быстро понимают, что враг у них общий.","Сэм прячется за брата, Элли — за Джоэла."
0451,17:54,17:56,2.4,Pittsburgh: The Hunters,206,"At first, everyone holds each other at gunpoint, but they quickly realize they share the same enemy.","Сначала все держат друг друга на прицеле, но быстро понимают, что враг у них общий.",Стволы медленно опускаются.
0452,17:56,17:59,2.8,Pittsburgh: The Hunters,207,"Henry is raising his little brother alone, and he'd do anything for him.",Генри растит младшего брата один и ради него готов на всё.,"Генри поправляет на Сэме куртку, заботливо и строго."
0453,17:59,18:02,2.8,Pittsburgh: The Hunters,207,"Henry is raising his little brother alone, and he'd do anything for him.",Генри растит младшего брата один и ради него готов на всё.,Сэм смотрит на брата снизу вверх.
0454,18:02,18:03,1.8,Pittsburgh: The Hunters,208,Just like Joel once would have for Sarah.,Как когда-то Джоэл ради Сары.,Флэшбек: Джоэл держит за руку маленькую Сару.
0455,18:03,18:05,1.8,Pittsburgh: The Hunters,208,Just like Joel once would have for Sarah.,Как когда-то Джоэл ради Сары.,"Джоэл смотрит на братьев, и его лицо смягчается."
0456,18:05,18:08,2.6,Pittsburgh: The Hunters,209,"Sam is thirteen — quiet, serious, and trying very hard to be brave.","Сэму тринадцать, он тихий, серьёзный и очень старается быть храбрым.",Мальчик в куртке не по размеру прижимает к себе рюкзак.
0457,18:08,18:10,2.6,Pittsburgh: The Hunters,209,"Sam is thirteen — quiet, serious, and trying very hard to be brave.","Сэму тринадцать, он тихий, серьёзный и очень старается быть храбрым.","Сэм крепче сжимает рюкзак, стараясь выглядеть смелым."
0458,18:10,18:13,2.9,Pittsburgh: The Hunters,210,"Ellie and Sam hit it off right away: for the first time in ages, Ellie has a friend her own age.",Элли и Сэм быстро находят общий язык: впервые за долгое время у Элли появился друг-ровесник.,Элли и Сэм сидят на полу и смеются над комиксом.
0459,18:13,18:16,2.9,Pittsburgh: The Hunters,210,"Ellie and Sam hit it off right away: for the first time in ages, Ellie has a friend her own age.",Элли и Сэм быстро находят общий язык: впервые за долгое время у Элли появился друг-ровесник.,"Они по очереди листают страницы, перебивая друг друга."
0460,18:16,18:19,2.9,Pittsburgh: The Hunters,210,"Ellie and Sam hit it off right away: for the first time in ages, Ellie has a friend her own age.",Элли и Сэм быстро находят общий язык: впервые за долгое время у Элли появился друг-ровесник.,Генри и Джоэл переглядываются: впервые за день спокойно.
0461,18:19,18:22,2.6,Pittsburgh: The Hunters,211,Henry knows a way out of the city — across a big bridge.,"Генри знает, как выбраться из города, — через большой мост.",Генри показывает в окно на огромный мост.
0462,18:22,18:24,2.6,Pittsburgh: The Hunters,211,Henry knows a way out of the city — across a big bridge.,"Генри знает, как выбраться из города, — через большой мост.",Карта: пунктир маршрута тянется через мост за реку.
0463,18:24,18:27,2.1,Pittsburgh: The Hunters,212,But a Hunter armored truck with a machine gun on the roof blocks their way.,Путь им преграждает бронированная машина охотников с пулемётом на крыше.,Бронированный джип с пулемётом разворачивается на перекрёстке.
0464,18:27,18:29,2.1,Pittsburgh: The Hunters,212,But a Hunter armored truck with a machine gun on the roof blocks their way.,Путь им преграждает бронированная машина охотников с пулемётом на крыше.,Ствол пулемёта поворачивается прямо в камеру.
0465,18:29,18:31,2.1,Pittsburgh: The Hunters,212,But a Hunter armored truck with a machine gun on the roof blocks their way.,Путь им преграждает бронированная машина охотников с пулемётом на крыше.,Джоэл и Элли прыгают в укрытие.
0466,18:31,18:34,2.8,Pittsburgh: The Hunters,213,"In the middle of the fight, Henry gets his brother to safety and leaves Joel and Ellie alone under fire.",В разгар боя Генри уводит брата в безопасное место и оставляет Джоэла с Элли одних под огнём.,Генри с Сэмом скрываются за углом.
0467,18:34,18:36,2.8,Pittsburgh: The Hunters,213,"In the middle of the fight, Henry gets his brother to safety and leaves Joel and Ellie alone under fire.",В разгар боя Генри уводит брата в безопасное место и оставляет Джоэла с Элли одних под огнём.,Джоэл и Элли остаются под градом пуль.
0468,18:36,18:39,2.8,Pittsburgh: The Hunters,213,"In the middle of the fight, Henry gets his brother to safety and leaves Joel and Ellie alone under fire.",В разгар боя Генри уводит брата в безопасное место и оставляет Джоэла с Элли одних под огнём.,Пули выбивают куски бетона над головой Элли.
0469,18:39,18:42,2.5,Pittsburgh: The Hunters,214,"Joel is furious, but deep down he knows: for his own child, he would have done the same.","Джоэл в ярости, но в глубине души понимает: ради своего ребёнка он поступил бы так же.","Джоэл сжимает кулаки, глядя вслед Генри."
0470,18:42,18:44,2.5,Pittsburgh: The Hunters,214,"Joel is furious, but deep down he knows: for his own child, he would have done the same.","Джоэл в ярости, но в глубине души понимает: ради своего ребёнка он поступил бы так же.",Вспышка: Сара у него на руках в ночь эпидемии.
0471,18:44,18:47,2.5,Pittsburgh: The Hunters,214,"Joel is furious, but deep down he knows: for his own child, he would have done the same.","Джоэл в ярости, но в глубине души понимает: ради своего ребёнка он поступил бы так же.",Джоэл разжимает кулаки и шумно выдыхает.
0472,18:47,18:50,2.8,Pittsburgh: The Hunters,215,"On the bridge, the Hunters catch up with them again, and there's only one way out — jump into the river.","На мосту их снова настигают охотники, и остаётся только одно — прыгать в реку.","Четверо на краю моста, сзади бегут охотники."
0473,18:50,18:52,2.8,Pittsburgh: The Hunters,215,"On the bridge, the Hunters catch up with them again, and there's only one way out — jump into the river.","На мосту их снова настигают охотники, и остаётся только одно — прыгать в реку.",Внизу бурлит тёмная вода.
0474,18:52,18:55,2.8,Pittsburgh: The Hunters,215,"On the bridge, the Hunters catch up with them again, and there's only one way out — jump into the river.","На мосту их снова настигают охотники, и остаётся только одно — прыгать в реку.","Все прыгают, камера летит следом."
0475,18:55,18:58,2.8,Pittsburgh: The Hunters,216,Joel goes under and blacks out.,Джоэл уходит под воду и теряет сознание.,"Подводный кадр: Джоэл медленно погружается, над ним дрожат блики."
0476,18:58,19:00,2.0,Pittsburgh: The Hunters,217,Henry pulls him out.,Его вытаскивает Генри.,"Генри тащит Джоэла на берег, к ним бежит Элли."
0477,19:00,19:01,0.8,Pittsburgh: The Hunters,218,Now they're even.,Теперь они квиты.,Джоэл откашливает воду.
0478,19:01,19:02,0.8,Pittsburgh: The Hunters,218,Now they're even.,Теперь они квиты.,Генри протягивает ему руку.
0479,19:03,19:05,2.8,Henry and Sam,219,"The city is behind them, but safety is still a long way off.","Город остался позади, но до безопасного места ещё далеко.",Четверо бредут по мокрому берегу на рассвете.
0480,19:05,19:08,2.8,Henry and Sam,219,"The city is behind them, but safety is still a long way off.","Город остался позади, но до безопасного места ещё далеко.","Сэм оглядывается на город, над которым поднимается дым."
0481,19:08,19:11,2.6,Henry and Sam,220,"Their route runs through the sewers, where an entire community once lived.","Их путь лежит через канализацию, где когда-то жила целая община.","Тоннель канализации, самодельные комнаты."
0482,19:11,19:13,2.6,Henry and Sam,220,"Their route runs through the sewers, where an entire community once lived.","Их путь лежит через канализацию, где когда-то жила целая община.","Пустые кровати, на полу детские игрушки."
0483,19:13,19:16,2.7,Henry and Sam,221,"Notes on the walls tell how people hid down here for years, raised children, and believed they were safe.","По запискам на стенах видно, как люди годами прятались здесь, растили детей и верили, что спаслись.","Крупно: на стене мелом нарисованы дети, дом и солнце."
0484,19:16,19:19,2.7,Henry and Sam,221,"Notes on the walls tell how people hid down here for years, raised children, and believed they were safe.","По запискам на стенах видно, как люди годами прятались здесь, растили детей и верили, что спаслись.","Листок с графиком дежурств, приколотый к двери."
0485,19:19,19:21,2.7,Henry and Sam,221,"Notes on the walls tell how people hid down here for years, raised children, and believed they were safe.","По запискам на стенах видно, как люди годами прятались здесь, растили детей и верили, что спаслись.","Детская кроватка, над ней висит самодельный мобиль из пуговиц."
0486,19:21,19:23,2.0,Henry and Sam,222,"Until one day, someone left a single door open.",Пока однажды кто-то не оставил открытой одну-единственную дверь.,Распахнутая железная дверь.
0487,19:23,19:25,2.0,Henry and Sam,222,"Until one day, someone left a single door open.",Пока однажды кто-то не оставил открытой одну-единственную дверь.,"Перевёрнутые стулья, тишина."
0488,19:25,19:28,2.2,Henry and Sam,223,"Climbing back out, they find themselves in a quiet suburb.","Выбравшись наружу, они попадают в тихий пригород.",Уютные домики с заросшими газонами.
0489,19:28,19:30,2.2,Henry and Sam,223,"Climbing back out, they find themselves in a quiet suburb.","Выбравшись наружу, они попадают в тихий пригород.",Качели покачиваются на ветру.
0490,19:30,19:33,3.1,Henry and Sam,224,"In a looted store, Sam spots a toy robot, but Henry tells him to leave it: they only carry what they need.","В разграбленном магазине Сэм замечает игрушечного робота, но Генри велит оставить его: в дорогу берут только самое нужное.",Сэм держит игрушечного робота.
0491,19:33,19:36,3.1,Henry and Sam,224,"In a looted store, Sam spots a toy robot, but Henry tells him to leave it: they only carry what they need.","В разграбленном магазине Сэм замечает игрушечного робота, но Генри велит оставить его: в дорогу берут только самое нужное.",Генри качает головой.
0492,19:36,19:39,3.1,Henry and Sam,224,"In a looted store, Sam spots a toy robot, but Henry tells him to leave it: they only carry what they need.","В разграбленном магазине Сэм замечает игрушечного робота, но Генри велит оставить его: в дорогу берут только самое нужное.",Сэм нехотя ставит игрушку на полку.
0493,19:39,19:41,2.3,Henry and Sam,225,Ellie quietly slips the robot into her own backpack — she wants to surprise Sam with it.,Элли незаметно прячет робота в свой рюкзак — она хочет сделать Сэму сюрприз.,Элли оглядывается и тихо кладёт робота в рюкзак.
0494,19:41,19:44,2.3,Henry and Sam,225,Ellie quietly slips the robot into her own backpack — she wants to surprise Sam with it.,Элли незаметно прячет робота в свой рюкзак — она хочет сделать Сэму сюрприз.,Крупно: из рюкзака выглядывает голова робота.
0495,19:44,19:46,2.3,Henry and Sam,225,Ellie quietly slips the robot into her own backpack — she wants to surprise Sam with it.,Элли незаметно прячет робота в свой рюкзак — она хочет сделать Сэму сюрприз.,Элли довольно улыбается сама себе.
0496,19:46,19:48,1.8,Henry and Sam,226,"In the suburb, a sniper pins them down.",В пригороде их прижимает к земле снайпер.,Блик прицела в окне дома.
0497,19:48,19:49,1.8,Henry and Sam,226,"In the suburb, a sniper pins them down.",В пригороде их прижимает к земле снайпер.,Пуля выбивает щепки из забора.
0498,19:49,19:52,2.8,Henry and Sam,227,Joel circles around behind him while the others take cover behind a car.,"Джоэл обходит его с тыла, пока остальные прячутся за машиной.",Джоэл крадётся вдоль домов.
0499,19:52,19:55,2.8,Henry and Sam,227,Joel circles around behind him while the others take cover behind a car.,"Джоэл обходит его с тыла, пока остальные прячутся за машиной.","Генри, Сэм и Элли прячутся за перевёрнутой машиной."
0500,19:55,19:58,2.7,Henry and Sam,228,"From the sniper's attic, Joel covers the others as Hunters close in — followed by a whole horde of infected.","Засев на чердаке снайпера, Джоэл прикрывает остальных, когда на них выходят охотники, а следом и целая орда заражённых.",Джоэл занимает позицию на чердаке снайпера.
0501,19:58,20:00,2.7,Henry and Sam,228,"From the sniper's attic, Joel covers the others as Hunters close in — followed by a whole horde of infected.","Засев на чердаке снайпера, Джоэл прикрывает остальных, когда на них выходят охотники, а следом и целая орда заражённых.",Вид через оптический прицел: бегущие охотники.
0502,20:00,20:03,2.7,Henry and Sam,228,"From the sniper's attic, Joel covers the others as Hunters close in — followed by a whole horde of infected.","Засев на чердаке снайпера, Джоэл прикрывает остальных, когда на них выходят охотники, а следом и целая орда заражённых.",За ними несётся волна заражённых.
0503,20:03,20:06,2.6,Henry and Sam,229,"In the chaos, Sam is left alone for just a few moments.",В этой суматохе Сэм на несколько мгновений остаётся один.,Сэм отстаёт и вжимается спиной в стену.
0504,20:06,20:08,2.6,Henry and Sam,229,"In the chaos, Sam is left alone for just a few moments.",В этой суматохе Сэм на несколько мгновений остаётся один.,Из-за угла к нему тянется чья-то тень.
0505,20:08,20:11,2.4,Henry and Sam,230,"When it's finally over, they find shelter in an empty house.","Когда всё стихает, они находят укрытие в пустом доме.",Дом с заколоченными окнами.
0506,20:11,20:13,2.4,Henry and Sam,230,"When it's finally over, they find shelter in an empty house.","Когда всё стихает, они находят укрытие в пустом доме.",Свет лампы в окне второго этажа.
0507,20:13,20:15,2.3,Henry and Sam,231,"For the first time in days, all four of them can eat and sleep in peace.",Впервые за много дней все четверо могут спокойно поесть и выспаться.,Четверо за столом при свете лампы.
0508,20:15,20:18,2.3,Henry and Sam,231,"For the first time in days, all four of them can eat and sleep in peace.",Впервые за много дней все четверо могут спокойно поесть и выспаться.,Сэм клюёт носом над тарелкой.
0509,20:18,20:20,2.3,Henry and Sam,231,"For the first time in days, all four of them can eat and sleep in peace.",Впервые за много дней все четверо могут спокойно поесть и выспаться.,Джоэл впервые снимает ботинки и откидывается в кресле.
0510,20:20,20:22,2.3,Henry and Sam,232,"That night, Sam asks Ellie whether she thinks the infected are still aware — somewhere in there.","Ночью Сэм спрашивает Элли: как ей кажется, заражённые ещё осознают себя — там, внутри?","Сэм сидит на кровати, обхватив колени."
0511,20:22,20:24,2.3,Henry and Sam,232,"That night, Sam asks Ellie whether she thinks the infected are still aware — somewhere in there.","Ночью Сэм спрашивает Элли: как ей кажется, заражённые ещё осознают себя — там, внутри?",Элли у двери оборачивается.
0512,20:24,20:27,2.3,Henry and Sam,232,"That night, Sam asks Ellie whether she thinks the infected are still aware — somewhere in there.","Ночью Сэм спрашивает Элли: как ей кажется, заражённые ещё осознают себя — там, внутри?",Крупно: в глазах Сэма страх.
0513,20:27,20:29,2.8,Henry and Sam,233,Ellie doesn't know what to say.,"Элли не знает, что ответить.",Элли пожимает плечами и отводит глаза.
0514,20:29,20:32,2.6,Henry and Sam,234,But she admits what she fears most of all: being left alone.,"Зато признаётся, чего боится больше всего на свете: остаться одной.",Элли садится рядом с Сэмом на кровать.
0515,20:32,20:35,2.6,Henry and Sam,234,But she admits what she fears most of all: being left alone.,"Зато признаётся, чего боится больше всего на свете: остаться одной.",Элли смотрит в окно на луну.
0516,20:35,20:37,2.0,Henry and Sam,235,"After Ellie leaves, Sam rolls up his pant leg.","Когда Элли уходит, Сэм закатывает штанину.",Дверь за Элли закрывается.
0517,20:37,20:39,2.0,Henry and Sam,235,"After Ellie leaves, Sam rolls up his pant leg.","Когда Элли уходит, Сэм закатывает штанину.","Сэм один, дрожащими руками поднимает штанину."
0518,20:39,20:40,1.6,Henry and Sam,236,There's a fresh bite on his leg.,На ноге у него свежий укус.,Крупно: укус на голени.
0519,20:40,20:42,1.6,Henry and Sam,236,There's a fresh bite on his leg.,На ноге у него свежий укус.,Сэм зажмуривается.
0520,20:42,20:43,1.0,Henry and Sam,237,He hasn't told anyone.,Он никому ничего не сказал.,Сэм опускает штанину.
0521,20:43,20:44,1.0,Henry and Sam,237,He hasn't told anyone.,Он никому ничего не сказал.,Ложится и смотрит в потолок.
0522,20:44,20:47,3.0,Henry and Sam,238,"In the morning, Ellie heads to Sam's room — the robot still in her backpack.",Утром Элли идёт в комнату Сэма — в её рюкзаке всё ещё лежит робот.,"Элли, улыбаясь, идёт по коридору."
0523,20:47,20:50,3.0,Henry and Sam,238,"In the morning, Ellie heads to Sam's room — the robot still in her backpack.",Утром Элли идёт в комнату Сэма — в её рюкзаке всё ещё лежит робот.,Стучит в дверь.
0524,20:50,20:52,2.4,Henry and Sam,239,But Sam isn't Sam anymore.,Но Сэм больше не Сэм.,Дверь приоткрывается: в полумраке сгорбленная фигура.
0525,20:52,20:53,1.0,Henry and Sam,240,He lunges at Ellie.,Он бросается на Элли.,Сэм с помутневшими глазами прыгает на Элли.
0526,20:53,20:54,1.0,Henry and Sam,240,He lunges at Ellie.,Он бросается на Элли.,Из рюкзака выпадает робот.
0527,20:54,20:56,2.0,Henry and Sam,241,A gunshot rings out.,Раздаётся выстрел.,Вспышка выстрела в дверном проёме.
0528,20:56,20:58,1.5,Henry and Sam,242,It's Henry.,Это Генри.,"Генри с пистолетом, лицо искажено ужасом."
0529,20:58,20:59,1.6,Henry and Sam,243,He has just shot his own brother.,Он только что застрелил собственного брата.,Робот лежит на полу.
0530,20:59,21:01,1.6,Henry and Sam,243,He has just shot his own brother.,Он только что застрелил собственного брата.,Камера поднимается к Генри с опущенным пистолетом.
0531,21:01,21:04,2.8,Henry and Sam,244,"Joel tries to calm him down, but Henry, out of his mind with grief, points the gun at Joel and screams that this is all his fault.","Джоэл пытается его успокоить, но Генри, не помня себя, наводит пистолет на Джоэла и кричит, что это всё из-за него.",Генри целится в Джоэла.
0532,21:04,21:07,2.8,Henry and Sam,244,"Joel tries to calm him down, but Henry, out of his mind with grief, points the gun at Joel and screams that this is all his fault.","Джоэл пытается его успокоить, но Генри, не помня себя, наводит пистолет на Джоэла и кричит, что это всё из-за него.",Джоэл медленно поднимает ладони.
0533,21:07,21:09,2.8,Henry and Sam,244,"Joel tries to calm him down, but Henry, out of his mind with grief, points the gun at Joel and screams that this is all his fault.","Джоэл пытается его успокоить, но Генри, не помня себя, наводит пистолет на Джоэла и кричит, что это всё из-за него.",Крупно: палец Генри дрожит на спуске.
0534,21:09,21:12,2.8,Henry and Sam,244,"Joel tries to calm him down, but Henry, out of his mind with grief, points the gun at Joel and screams that this is all his fault.","Джоэл пытается его успокоить, но Генри, не помня себя, наводит пистолет на Джоэла и кричит, что это всё из-за него.",Элли застыла у стены с широко раскрытыми глазами.
0535,21:12,21:14,1.8,Henry and Sam,245,And then he turns the gun on himself.,А потом приставляет пистолет к себе.,"Генри опускает пистолет, взгляд пустеет."
0536,21:14,21:16,1.8,Henry and Sam,245,And then he turns the gun on himself.,А потом приставляет пистолет к себе.,"Затемнение, резкий звук выстрела."
0537,21:16,21:18,1.8,Henry and Sam,246,It all happens in a matter of seconds.,Всё случилось за несколько секунд.,"Тишина, пустая комната."
0538,21:18,21:19,1.8,Henry and Sam,246,It all happens in a matter of seconds.,Всё случилось за несколько секунд.,Джоэл закрывает Элли собой и уводит её из комнаты.
0539,21:19,21:22,2.6,Henry and Sam,247,Ellie has lost the first real friend she made on this journey.,Элли потеряла первого настоящего друга за всё путешествие.,Элли сидит у стены и смотрит в одну точку.
0540,21:22,21:25,2.6,Henry and Sam,247,Ellie has lost the first real friend she made on this journey.,Элли потеряла первого настоящего друга за всё путешествие.,По щеке Элли катится слеза.
0541,21:25,21:27,2.0,Henry and Sam,248,The toy robot is still lying on the floor.,Игрушечный робот так и остался лежать на полу.,"Крупно: робот на пыльных досках, из окна падает луч света."
0542,21:27,21:29,2.0,Henry and Sam,248,The toy robot is still lying on the floor.,Игрушечный робот так и остался лежать на полу.,"Камера медленно отъезжает, робот становится всё меньше."
0543,21:29,21:31,2.4,Henry and Sam,249,"Joel silently leads her away, unable to find the right words.","А Джоэл молча уводит её прочь, так и не найдя нужных слов.",Джоэл кладёт руку Элли на плечо.
0544,21:31,21:33,2.4,Henry and Sam,249,"Joel silently leads her away, unable to find the right words.","А Джоэл молча уводит её прочь, так и не найдя нужных слов.","Двое уходят по дороге, дом остаётся позади."
0545,21:33,21:35,1.6,Henry and Sam,250,They will never talk about it again.,Больше они об этом не заговорят.,"Две маленькие фигуры на пустой дороге, общий план."
0546,21:35,21:37,1.6,Henry and Sam,250,They will never talk about it again.,Больше они об этом не заговорят.,"Небо темнеет, затемнение."
0547,21:38,21:39,1.6,Fall: Tommy's Dam,251,Months go by.,Проходят месяцы.,Ускоренная съёмка: зелёные деревья желтеют и теряют листву.
0548,21:39,21:41,1.5,Fall: Tommy's Dam,252,Fall arrives.,Наступает осень.,"Оранжевый лес, туман над рекой."
0549,21:41,21:43,2.6,Fall: Tommy's Dam,253,"Joel and Ellie have found a horse, and they've almost stopped bickering.",Джоэл и Элли раздобыли лошадь и почти перестали ругаться.,"Джоэл ведёт лошадь под уздцы, Элли сидит в седле."
0550,21:43,21:46,2.6,Fall: Tommy's Dam,253,"Joel and Ellie have found a horse, and they've almost stopped bickering.",Джоэл и Элли раздобыли лошадь и почти перестали ругаться.,Они переглядываются и почти улыбаются.
0551,21:46,21:49,2.9,Fall: Tommy's Dam,254,"Ellie reads terrible jokes out loud from a battered pun book, and one day stern Joel can't help himself — he laughs.","Элли читает вслух дурацкие шутки из затрёпанного сборника каламбуров, и однажды суровый Джоэл не выдерживает и смеётся.",Элли с потрёпанной книжкой каламбуров.
0552,21:49,21:52,2.9,Fall: Tommy's Dam,254,"Ellie reads terrible jokes out loud from a battered pun book, and one day stern Joel can't help himself — he laughs.","Элли читает вслух дурацкие шутки из затрёпанного сборника каламбуров, и однажды суровый Джоэл не выдерживает и смеётся.",Джоэл закатывает глаза.
0553,21:52,21:55,2.9,Fall: Tommy's Dam,254,"Ellie reads terrible jokes out loud from a battered pun book, and one day stern Joel can't help himself — he laughs.","Элли читает вслух дурацкие шутки из затрёпанного сборника каламбуров, и однажды суровый Джоэл не выдерживает и смеётся.","И вдруг прыскает со смеху, отвернувшись."
0554,21:55,21:57,2.7,Fall: Tommy's Dam,255,"At last, they reach Wyoming, where Tommy, his wife Maria, and their community are restoring an old hydroelectric dam.","Наконец они добираются до Вайоминга, где Томми с женой Марией и их общиной восстанавливают старую гидроэлектростанцию.",Огромная бетонная плотина в горной долине.
0555,21:57,22:00,2.7,Fall: Tommy's Dam,255,"At last, they reach Wyoming, where Tommy, his wife Maria, and their community are restoring an old hydroelectric dam.","Наконец они добираются до Вайоминга, где Томми с женой Марией и их общиной восстанавливают старую гидроэлектростанцию.",Вода шумит в шлюзах.
0556,22:00,22:03,2.7,Fall: Tommy's Dam,255,"At last, they reach Wyoming, where Tommy, his wife Maria, and their community are restoring an old hydroelectric dam.","Наконец они добираются до Вайоминга, где Томми с женой Марией и их общиной восстанавливают старую гидроэлектростанцию.",Люди на лесах чинят турбину.
0557,22:03,22:05,2.4,Fall: Tommy's Dam,256,"The brothers haven't seen each other in years, and they didn't part on the best of terms.",Братья не виделись много лет и когда-то расстались не лучшим образом.,"Джоэл и Томми стоят друг напротив друга, неловкая пауза."
0558,22:05,22:07,2.4,Fall: Tommy's Dam,256,"The brothers haven't seen each other in years, and they didn't part on the best of terms.",Братья не виделись много лет и когда-то расстались не лучшим образом.,Потом крепкое объятие.
0559,22:07,22:10,2.4,Fall: Tommy's Dam,256,"The brothers haven't seen each other in years, and they didn't part on the best of terms.",Братья не виделись много лет и когда-то расстались не лучшим образом.,Томми хлопает брата по спине и улыбается.
0560,22:10,22:12,2.5,Fall: Tommy's Dam,257,"Before they can really talk, bandits attack the dam, and the brothers have to fight side by side.","Не успевают они толком поговорить, как на плотину нападают бандиты, и братьям приходится отбиваться бок о бок.",Перестрелка на гребне плотины.
0561,22:12,22:15,2.5,Fall: Tommy's Dam,257,"Before they can really talk, bandits attack the dam, and the brothers have to fight side by side.","Не успевают они толком поговорить, как на плотину нападают бандиты, и братьям приходится отбиваться бок о бок.",Джоэл и Томми прикрывают друг друга.
0562,22:15,22:17,2.5,Fall: Tommy's Dam,257,"Before they can really talk, bandits attack the dam, and the brothers have to fight side by side.","Не успевают они толком поговорить, как на плотину нападают бандиты, и братьям приходится отбиваться бок о бок.","Бандиты отступают, братья переводят дух."
0563,22:17,22:20,2.7,Fall: Tommy's Dam,258,"Tommy has changed: he has a home, a family, and a settlement where the electric lights are on again.","Томми изменился: у него есть дом, семья и посёлок, где снова горит электрический свет.","Посёлок в долине, тёплый свет в окнах."
0564,22:20,22:23,2.7,Fall: Tommy's Dam,258,"Tommy has changed: he has a home, a family, and a settlement where the electric lights are on again.","Томми изменился: у него есть дом, семья и посёлок, где снова горит электрический свет.",Над дверью вспыхивает лампочка.
0565,22:23,22:25,2.7,Fall: Tommy's Dam,258,"Tommy has changed: he has a home, a family, and a settlement where the electric lights are on again.","Томми изменился: у него есть дом, семья и посёлок, где снова горит электрический свет.",Томми показывает Джоэлу гудящую турбину.
0566,22:25,22:28,3.0,Fall: Tommy's Dam,259,"For the first time, Ellie sees people who aren't just surviving — they're truly living.","Элли впервые видит, как люди не просто выживают, а по-настоящему живут.",Элли с восторгом гладит лошадь у конюшни.
0567,22:28,22:31,3.0,Fall: Tommy's Dam,259,"For the first time, Ellie sees people who aren't just surviving — they're truly living.","Элли впервые видит, как люди не просто выживают, а по-настоящему живут.","Вокруг работают люди, кто-то смеётся."
0568,22:31,22:33,1.8,Fall: Tommy's Dam,260,"And here, Joel does something Ellie never expected.","И здесь Джоэл делает то, чего Элли от него никак не ждала.",Джоэл и Томми негромко разговаривают у окна.
0569,22:33,22:35,1.8,Fall: Tommy's Dam,260,"And here, Joel does something Ellie never expected.","И здесь Джоэл делает то, чего Элли от него никак не ждала.",Элли издалека наблюдает за ними.
0570,22:35,22:37,2.4,Fall: Tommy's Dam,261,He asks his brother to take her to the Fireflies himself.,Он просит брата самому довести её до «Цикад».,Джоэл кладёт руку Томми на плечо.
0571,22:37,22:40,2.4,Fall: Tommy's Dam,261,He asks his brother to take her to the Fireflies himself.,Он просит брата самому довести её до «Цикад».,Томми удивлённо поднимает брови.
0572,22:40,22:42,2.1,Fall: Tommy's Dam,262,"Tommy used to be one of them and knows the way, and Joel wants out.","Томми когда-то был одним из них и знает дорогу, а Джоэл хочет выйти из игры.",Флэшбек: молодой Томми у костра среди людей со знаком «Цикад».
0573,22:42,22:44,2.1,Fall: Tommy's Dam,262,"Tommy used to be one of them and knows the way, and Joel wants out.","Томми когда-то был одним из них и знает дорогу, а Джоэл хочет выйти из игры.",Джоэл устало трёт лицо.
0574,22:44,22:46,2.1,Fall: Tommy's Dam,262,"Tommy used to be one of them and knows the way, and Joel wants out.","Томми когда-то был одним из них и знает дорогу, а Джоэл хочет выйти из игры.",Томми хмурится.
0575,22:46,22:49,2.5,Fall: Tommy's Dam,263,Tommy doesn't want to take that risk again: he has a wife and people who depend on him.,"Томми не хочет снова рисковать: у него жена и люди, которые на него рассчитывают.",Мария с тревогой смотрит на Томми из дверей.
0576,22:49,22:51,2.5,Fall: Tommy's Dam,263,Tommy doesn't want to take that risk again: he has a wife and people who depend on him.,"Томми не хочет снова рисковать: у него жена и люди, которые на него рассчитывают.",Томми качает головой и показывает на посёлок за окном.
0577,22:51,22:54,2.5,Fall: Tommy's Dam,263,Tommy doesn't want to take that risk again: he has a wife and people who depend on him.,"Томми не хочет снова рисковать: у него жена и люди, которые на него рассчитывают.",Томми отворачивается к окну.
0578,22:54,22:56,2.5,Fall: Tommy's Dam,264,"Joel reminds him of an old debt: in the first years after the outbreak, he was the one who kept his little brother alive.",Джоэл напоминает ему о старом долге: в первые годы после эпидемии именно он тащил младшего брата на себе.,Джоэл повышает голос и тычет пальцем Томми в грудь.
0579,22:56,22:59,2.5,Fall: Tommy's Dam,264,"Joel reminds him of an old debt: in the first years after the outbreak, he was the one who kept his little brother alive.",Джоэл напоминает ему о старом долге: в первые годы после эпидемии именно он тащил младшего брата на себе.,Флэшбек: молодые братья пробираются через руины.
0580,22:59,23:01,2.5,Fall: Tommy's Dam,264,"Joel reminds him of an old debt: in the first years after the outbreak, he was the one who kept his little brother alive.",Джоэл напоминает ему о старом долге: в первые годы после эпидемии именно он тащил младшего брата на себе.,Джоэл идёт впереди и прикрывает Томми.
0581,23:01,23:04,2.5,Fall: Tommy's Dam,264,"Joel reminds him of an old debt: in the first years after the outbreak, he was the one who kept his little brother alive.",Джоэл напоминает ему о старом долге: в первые годы после эпидемии именно он тащил младшего брата на себе.,Флэшбек: раненый Томми опирается на плечо брата.
0582,23:04,23:07,3.0,Fall: Tommy's Dam,265,"But Tommy remembers those years with horror: to survive, the brothers did terrible things.","А Томми вспоминает те годы с ужасом: чтобы выжить, братья делали страшные вещи.",Томми отводит взгляд и мрачнеет.
0583,23:07,23:10,3.0,Fall: Tommy's Dam,265,"But Tommy remembers those years with horror: to survive, the brothers did terrible things.","А Томми вспоминает те годы с ужасом: чтобы выжить, братья делали страшные вещи.",Тёмный кадр: силуэты братьев с оружием.
0584,23:10,23:12,2.4,Fall: Tommy's Dam,266,"In the end, he agrees.",В конце концов он соглашается.,Томми нехотя пожимает брату руку.
0585,23:12,23:14,1.6,Fall: Tommy's Dam,267,Ellie finds out.,Элли узнаёт об этом.,Элли за приоткрытой дверью слышит обрывки разговора.
0586,23:14,23:16,2.6,Fall: Tommy's Dam,268,She takes a horse and runs off to an abandoned ranch house.,Она угоняет лошадь и сбегает в заброшенный дом на ранчо.,Элли галопом уносится по осенней долине.
0587,23:16,23:19,2.6,Fall: Tommy's Dam,268,She takes a horse and runs off to an abandoned ranch house.,Она угоняет лошадь и сбегает в заброшенный дом на ранчо.,Копыта взметают листья.
0588,23:19,23:22,3.0,Fall: Tommy's Dam,269,"Joel finds her, and they have the most honest conversation of their entire journey.","Джоэл находит её, и между ними случается самый честный разговор за всё путешествие.",Пыльная комната на втором этаже.
0589,23:22,23:25,3.0,Fall: Tommy's Dam,269,"Joel finds her, and they have the most honest conversation of their entire journey.","Джоэл находит её, и между ними случается самый честный разговор за всё путешествие.","Элли у окна, Джоэл в дверях."
0590,23:25,23:27,2.0,Fall: Tommy's Dam,270,Ellie already knows that Joel once had a daughter.,"Элли уже знает, что у Джоэла когда-то была дочь.",Элли смотрит на Джоэла в упор.
0591,23:27,23:29,2.0,Fall: Tommy's Dam,270,Ellie already knows that Joel once had a daughter.,"Элли уже знает, что у Джоэла когда-то была дочь.",Джоэл замирает.
0592,23:29,23:31,2.1,Fall: Tommy's Dam,271,"The moment she mentions Sarah, Joel cuts her off: she's treading on very thin ice.","Стоит ей заговорить о Саре, Джоэл резко обрывает её: она ступает на очень тонкий лёд.",Джоэл резко поворачивается.
0593,23:31,23:33,2.1,Fall: Tommy's Dam,271,"The moment she mentions Sarah, Joel cuts her off: she's treading on very thin ice.","Стоит ей заговорить о Саре, Джоэл резко обрывает её: она ступает на очень тонкий лёд.",Крупно: треснувшие часы на его руке.
0594,23:33,23:35,2.1,Fall: Tommy's Dam,271,"The moment she mentions Sarah, Joel cuts her off: she's treading on very thin ice.","Стоит ей заговорить о Саре, Джоэл резко обрывает её: она ступает на очень тонкий лёд.","Элли отшатывается, но не отступает."
0595,23:35,23:38,2.6,Fall: Tommy's Dam,272,She tells him she isn't Sarah — but she has lost people too.,"Она говорит, что она не Сара, — но она тоже теряла близких.","Элли стоит, сжав кулаки, голос срывается."
0596,23:38,23:41,2.6,Fall: Tommy's Dam,272,She tells him she isn't Sarah — but she has lost people too.,"Она говорит, что она не Сара, — но она тоже теряла близких.",За её спиной мелькают лица Тесс и Сэма.
0597,23:41,23:43,2.4,Fall: Tommy's Dam,273,Everyone she ever cared about has either died or left her.,"Все, кто был ей дорог, либо умерли, либо ушли.",Элли смотрит в пол.
0598,23:43,23:45,2.4,Fall: Tommy's Dam,273,Everyone she ever cared about has either died or left her.,"Все, кто был ей дорог, либо умерли, либо ушли.",Позади Элли проступают и тают светлые силуэты людей.
0599,23:45,23:47,1.6,Fall: Tommy's Dam,274,Everyone except Joel.,"Все, кроме Джоэла.",Крупно: у Элли в глазах слёзы.
0600,23:47,23:49,2.4,Fall: Tommy's Dam,275,And she won't be any safer with Tommy — just more scared.,И с Томми ей будет не безопаснее — ей будет только страшнее.,"Элли отворачивается к окну, плечи дрожат."
0601,23:49,23:52,2.4,Fall: Tommy's Dam,275,And she won't be any safer with Tommy — just more scared.,И с Томми ей будет не безопаснее — ей будет только страшнее.,Джоэл делает шаг к ней и останавливается.
0602,23:52,23:54,2.6,Fall: Tommy's Dam,276,"Joel snaps back: she's not his daughter, and he's not her father.","Джоэл отвечает жёстко: она ему не дочь, а он ей не отец.",Джоэл повышает голос.
0603,23:54,23:57,2.6,Fall: Tommy's Dam,276,"Joel snaps back: she's not his daughter, and he's not her father.","Джоэл отвечает жёстко: она ему не дочь, а он ей не отец.",Джоэл отворачивается и сжимает челюсти.
0604,23:57,24:00,2.6,Fall: Tommy's Dam,277,"It sounds harsh, but it seems he's mostly trying to convince himself.","Звучит грубо, но похоже, что прежде всего он пытается убедить в этом самого себя.",Джоэл один у окна трёт лицо ладонями.
0605,24:00,24:02,2.6,Fall: Tommy's Dam,277,"It sounds harsh, but it seems he's mostly trying to convince himself.","Звучит грубо, но похоже, что прежде всего он пытается убедить в этом самого себя.",Крупно: он проводит пальцем по треснувшему стеклу часов.
0606,24:02,24:04,2.2,Fall: Tommy's Dam,278,Their argument is cut short by bandits attacking the ranch.,"Их разговор обрывают бандиты, которые нападают на ранчо.",Всадники с оружием окружают дом.
0607,24:04,24:07,2.2,Fall: Tommy's Dam,278,Their argument is cut short by bandits attacking the ranch.,"Их разговор обрывают бандиты, которые нападают на ранчо.",Звенит разбитое стекло.
0608,24:07,24:08,1.8,Fall: Tommy's Dam,279,"Joel, Ellie, and Tommy fight them off together.","Джоэл, Элли и Томми отбиваются вместе.",Перестрелка в старом доме.
0609,24:08,24:10,1.8,Fall: Tommy's Dam,279,"Joel, Ellie, and Tommy fight them off together.","Джоэл, Элли и Томми отбиваются вместе.",Элли подаёт Джоэлу патроны.
0610,24:10,24:13,2.8,Fall: Tommy's Dam,280,"Joel sees how confidently Ellie handles herself in a fight, and he realizes she's not that girl from Boston anymore.","Джоэл видит, как уверенно Элли держится в бою, и понимает: это уже не та девочка из Бостона.",Элли прикрывает Джоэла точным выстрелом.
0611,24:13,24:16,2.8,Fall: Tommy's Dam,280,"Joel sees how confidently Ellie handles herself in a fight, and he realizes she's not that girl from Boston anymore.","Джоэл видит, как уверенно Элли держится в бою, и понимает: это уже не та девочка из Бостона.",Он смотрит на неё с удивлением.
0612,24:16,24:19,2.8,Fall: Tommy's Dam,280,"Joel sees how confidently Ellie handles herself in a fight, and he realizes she's not that girl from Boston anymore.","Джоэл видит, как уверенно Элли держится в бою, и понимает: это уже не та девочка из Бостона.","Элли перезаряжает оружие, как настоящий боец."
0613,24:19,24:20,1.8,Fall: Tommy's Dam,281,"And when it's over, Joel makes a decision.","А когда всё заканчивается, Джоэл принимает решение.","Джоэл смотрит на Элли, потом на Томми."
0614,24:20,24:22,1.8,Fall: Tommy's Dam,281,"And when it's over, Joel makes a decision.","А когда всё заканчивается, Джоэл принимает решение.",Джоэл решительно подходит к брату.
0615,24:22,24:24,2.0,Fall: Tommy's Dam,282,He'll take her himself.,Он поедет с ней сам.,Джоэл протягивает Элли руку и помогает забраться в седло.
0616,24:24,24:27,3.0,Fall: Tommy's Dam,283,Tommy tells them where to find the Fireflies: at the University of Eastern Colorado.,"Томми подсказывает, где искать «Цикад»: в Университете Восточного Колорадо.",Томми показывает направление на потрёпанной карте.
0617,24:27,24:30,3.0,Fall: Tommy's Dam,283,Tommy tells them where to find the Fireflies: at the University of Eastern Colorado.,"Томми подсказывает, где искать «Цикад»: в Университете Восточного Колорадо.",Крупно: палец на надписи «Колорадо».
0618,24:30,24:33,2.5,Fall: Tommy's Dam,284,"For the first time, Joel stays with Ellie not because of a deal, but because he wants to.","Впервые Джоэл остаётся рядом с Элли не из-за сделки, а потому что сам этого хочет.",Двое верхом уезжают по осенней равнине навстречу закату.
0619,24:33,24:35,2.5,Fall: Tommy's Dam,284,"For the first time, Joel stays with Ellie not because of a deal, but because he wants to.","Впервые Джоэл остаётся рядом с Элли не из-за сделки, а потому что сам этого хочет.","Джоэл впервые едет рядом с Элли, а не впереди."
0620,24:35,24:38,2.5,Fall: Tommy's Dam,284,"For the first time, Joel stays with Ellie not because of a deal, but because he wants to.","Впервые Джоэл остаётся рядом с Элли не из-за сделки, а потому что сам этого хочет.",Их длинные тени скользят по траве.
0621,24:38,24:39,1.6,Fall: Tommy's Dam,285,The ride to Colorado will take weeks.,Дорога до Колорадо займёт несколько недель.,Двое верхом едут через осенние горы.
0622,24:39,24:41,1.6,Fall: Tommy's Dam,285,The ride to Colorado will take weeks.,Дорога до Колорадо займёт несколько недель.,"Смена дня и ночи, костёр на привале."
0623,24:42,24:43,1.4,The University,286,The university greets them with silence.,Университет встречает их тишиной.,"Пустой кампус, облетевшие деревья."
0624,24:43,24:45,1.4,The University,286,The university greets them with silence.,Университет встречает их тишиной.,На ступенях кружат листья.
0625,24:45,24:47,2.3,The University,287,"Ellie wanders through the abandoned dorms, trying to imagine how ordinary students used to live here.","Элли бродит по брошенным общежитиям и пытается представить, как здесь когда-то жили обычные студенты.",Элли толкает дверь с табличкой «Общежитие».
0626,24:47,24:49,2.3,The University,287,"Ellie wanders through the abandoned dorms, trying to imagine how ordinary students used to live here.","Элли бродит по брошенным общежитиям и пытается представить, как здесь когда-то жили обычные студенты.",Элли разглядывает плакаты и фотографии в пустой комнате общежития.
0627,24:49,24:52,2.3,The University,287,"Ellie wanders through the abandoned dorms, trying to imagine how ordinary students used to live here.","Элли бродит по брошенным общежитиям и пытается представить, как здесь когда-то жили обычные студенты.",Садится на чужую кровать и оглядывается.
0628,24:52,24:53,1.6,The University,288,But the Fireflies' lab has been abandoned.,Но лаборатория «Цикад» брошена.,"Пустая лаборатория, открытые клетки."
0629,24:53,24:55,1.6,The University,288,But the Fireflies' lab has been abandoned.,Но лаборатория «Цикад» брошена.,"Разбросанные бумаги, опрокинутые стулья."
0630,24:55,24:57,2.1,The University,289,"The test monkeys have escaped from their open cages, and the scientists are long gone.","Из открытых клеток разбежались подопытные обезьяны, а от учёных не осталось и следа.",По пустому коридору пробегают несколько обезьян.
0631,24:57,24:59,2.1,The University,289,"The test monkeys have escaped from their open cages, and the scientists are long gone.","Из открытых клеток разбежались подопытные обезьяны, а от учёных не осталось и следа.","Элли в восторге смотрит на обезьяну, сидящую на шкафу."
0632,24:59,25:01,2.1,The University,289,"The test monkeys have escaped from their open cages, and the scientists are long gone.","Из открытых клеток разбежались подопытные обезьяны, а от учёных не осталось и следа.",Пустые клетки с табличками и номерами.
0633,25:01,25:04,2.6,The University,290,Joel's face darkens: all those months on the road — and nobody's here.,Джоэл мрачнеет: столько месяцев пути — и никого.,Джоэл устало опускается на стул среди разбросанных бумаг.
0634,25:04,25:06,2.6,The University,290,Joel's face darkens: all those months on the road — and nobody's here.,Джоэл мрачнеет: столько месяцев пути — и никого.,Он бьёт кулаком по столу.
0635,25:06,25:09,2.6,The University,291,"On a desk sits a voice recorder, and the recording makes it clear: the scientists have moved to St. Mary's Hospital in Salt Lake City.","На столе лежит диктофон, и из записи ясно: учёные перебрались в больницу Святой Марии в Солт-Лейк-Сити.","Крупно: старый диктофон, крутится кассета."
0636,25:09,25:12,2.6,The University,291,"On a desk sits a voice recorder, and the recording makes it clear: the scientists have moved to St. Mary's Hospital in Salt Lake City.","На столе лежит диктофон, и из записи ясно: учёные перебрались в больницу Святой Марии в Солт-Лейк-Сити.",Элли склонилась над диктофоном и слушает.
0637,25:12,25:14,2.6,The University,291,"On a desk sits a voice recorder, and the recording makes it clear: the scientists have moved to St. Mary's Hospital in Salt Lake City.","На столе лежит диктофон, и из записи ясно: учёные перебрались в больницу Святой Марии в Солт-Лейк-Сити.",Карта: линия из Колорадо в Солт-Лейк-Сити.
0638,25:14,25:17,2.6,The University,291,"On a desk sits a voice recorder, and the recording makes it clear: the scientists have moved to St. Mary's Hospital in Salt Lake City.","На столе лежит диктофон, и из записи ясно: учёные перебрались в больницу Святой Марии в Солт-Лейк-Сити.",Джоэл и Элли переглядываются: путь продолжается.
0639,25:17,25:19,2.4,The University,292,They don't get the chance to leave — bandits storm the campus.,Уйти они не успевают — в кампус врываются бандиты.,Вооружённые люди бегут через внутренний двор.
0640,25:19,25:22,2.4,The University,292,They don't get the chance to leave — bandits storm the campus.,Уйти они не успевают — в кампус врываются бандиты.,Джоэл толкает Элли за стол и выхватывает оружие.
0641,25:22,25:24,2.1,The University,293,"In the fight, Joel falls from a balcony straight onto a jutting piece of rebar.",В схватке Джоэл срывается с балкона и падает прямо на торчащую арматуру.,Джоэл борется с бандитом на балконе.
0642,25:24,25:26,2.1,The University,293,"In the fight, Joel falls from a balcony straight onto a jutting piece of rebar.",В схватке Джоэл срывается с балкона и падает прямо на торчащую арматуру.,"Перила ломаются, замедленное падение."
0643,25:26,25:28,2.1,The University,293,"In the fight, Joel falls from a balcony straight onto a jutting piece of rebar.",В схватке Джоэл срывается с балкона и падает прямо на торчащую арматуру.,Камера отворачивается в момент удара.
0644,25:28,25:30,1.8,The University,294,The metal rod goes right through his side.,Железный прут пробивает ему бок.,"Джоэл, стиснув зубы, зажимает рану ладонью."
0645,25:30,25:32,1.8,The University,294,The metal rod goes right through his side.,Железный прут пробивает ему бок.,Элли в ужасе бежит к нему.
0646,25:32,25:33,1.8,The University,295,Ellie helps him up and onto the horse.,Элли помогает ему подняться и забраться на лошадь.,Элли подставляет плечо и тащит Джоэла к лошади.
0647,25:33,25:35,1.8,The University,295,Ellie helps him up and onto the horse.,Элли помогает ему подняться и забраться на лошадь.,Лошадь беспокойно переступает копытами.
0648,25:35,25:38,2.4,The University,296,"Now she's the one carrying him, not the other way around.","Теперь уже она тащит его, а не он её.",Маленькая Элли из последних сил затягивает огромного Джоэла в седло.
0649,25:38,25:40,2.4,The University,296,"Now she's the one carrying him, not the other way around.","Теперь уже она тащит его, а не он её.",Элли садится в седло позади него и берёт поводья.
0650,25:40,25:42,2.4,The University,297,"They break out of the campus, but somewhere in a field, Joel falls out of the saddle.","Они вырываются из кампуса, но где-то в поле Джоэл падает из седла.",Лошадь скачет прочь от кампуса.
0651,25:42,25:45,2.4,The University,297,"They break out of the campus, but somewhere in a field, Joel falls out of the saddle.","Они вырываются из кампуса, но где-то в поле Джоэл падает из седла.","Джоэл клонится вперёд, теряя сознание."
0652,25:45,25:47,2.4,The University,297,"They break out of the campus, but somewhere in a field, Joel falls out of the saddle.","Они вырываются из кампуса, но где-то в поле Джоэл падает из седла.",Джоэл сползает и падает в траву.
0653,25:47,25:49,2.0,The University,298,Ellie shakes him and begs him to get up.,Элли трясёт его и умоляет подняться.,Элли на коленях рядом с Джоэлом трясёт его за плечи.
0654,25:49,25:51,2.0,The University,298,Ellie shakes him and begs him to get up.,Элли трясёт его и умоляет подняться.,"Лошадь топчется рядом, Элли кричит в пустое поле."
0655,25:51,25:53,1.6,The University,299,Joel doesn't respond.,Джоэл не отвечает.,Затемнение.
0656,25:53,25:56,2.8,The University,300,And winter is only days away.,А до зимы остаются считаные дни.,Первые снежинки падают на пожухлую траву.
0657,25:57,25:58,1.6,Ellie's Memory: Riley,301,Now it's Ellie's turn to save Joel.,Теперь спасать Джоэла предстоит Элли.,"Заброшенный дом, Джоэл без сознания на матрасе."
0658,25:58,26:00,1.6,Ellie's Memory: Riley,301,Now it's Ellie's turn to save Joel.,Теперь спасать Джоэла предстоит Элли.,Элли укрывает его курткой.
0659,26:00,26:02,2.4,Ellie's Memory: Riley,302,She heads to an abandoned shopping mall to look for medicine.,Она отправляется за лекарствами в заброшенный торговый центр.,Элли входит в тёмный торговый центр.
0660,26:02,26:05,2.4,Ellie's Memory: Riley,302,She heads to an abandoned shopping mall to look for medicine.,Она отправляется за лекарствами в заброшенный торговый центр.,Сквозь дыры в крыше падают лучи света.
0661,26:05,26:07,2.8,Ellie's Memory: Riley,303,"And as she wanders the empty halls, she remembers a very different mall.","И пока она бродит по пустым галереям, в памяти всплывает совсем другой торговый центр.",Элли проходит мимо старой карусели.
0662,26:07,26:10,2.8,Ellie's Memory: Riley,303,"And as she wanders the empty halls, she remembers a very different mall.","И пока она бродит по пустым галереям, в памяти всплывает совсем другой торговый центр.","Кадр перетекает: тот же зал, но ночью и в огоньках."
0663,26:10,26:13,2.8,Ellie's Memory: Riley,304,"Boston, shortly before she met Joel.","Бостон, незадолго до встречи с Джоэлом.",Титр «Бостон. Незадолго до встречи с Джоэлом».
0664,26:13,26:16,3.2,Ellie's Memory: Riley,305,"This part of the story is told in the Left Behind expansion, which is now included in The Last of Us Part I.","Эта часть истории рассказана в дополнении Left Behind, которое сегодня входит в ремейк Part I.",Титр «Left Behind» на фоне ночного торгового центра.
0665,26:16,26:19,3.2,Ellie's Memory: Riley,305,"This part of the story is told in the Left Behind expansion, which is now included in The Last of Us Part I.","Эта часть истории рассказана в дополнении Left Behind, которое сегодня входит в ремейк Part I.",Луч фонарика выхватывает из темноты вывеску торгового центра.
0666,26:19,26:23,3.2,Ellie's Memory: Riley,305,"This part of the story is told in the Left Behind expansion, which is now included in The Last of Us Part I.","Эта часть истории рассказана в дополнении Left Behind, которое сегодня входит в ремейк Part I.",Карусель в темноте медленно проворачивается.
0667,26:23,26:24,1.2,Ellie's Memory: Riley,306,Ellie's best friend is Riley.,Лучшая подруга Элли — Райли.,"Девочка чуть старше Элли, короткие волосы, дерзкая улыбка."
0668,26:24,26:25,1.2,Ellie's Memory: Riley,306,Ellie's best friend is Riley.,Лучшая подруга Элли — Райли.,Она подмигивает в камеру.
0669,26:25,26:28,2.5,Ellie's Memory: Riley,307,"One day, she vanished for weeks, and when she came back, she admitted she had joined the Fireflies.","Однажды она пропала на несколько недель, а вернувшись, призналась, что вступила в «Цикады».",Пустая койка Райли в интернате.
0670,26:28,26:30,2.5,Ellie's Memory: Riley,307,"One day, she vanished for weeks, and when she came back, she admitted she had joined the Fireflies.","Однажды она пропала на несколько недель, а вернувшись, призналась, что вступила в «Цикады».",Элли одна сидит на своей койке.
0671,26:30,26:33,2.5,Ellie's Memory: Riley,307,"One day, she vanished for weeks, and when she came back, she admitted she had joined the Fireflies.","Однажды она пропала на несколько недель, а вернувшись, призналась, что вступила в «Цикады».","Райли возвращается, на шее кулон со знаком «Цикад»."
0672,26:33,26:35,2.6,Ellie's Memory: Riley,308,"Riley believes that with the Fireflies, her life will finally mean something.","Райли верит, что с «Цикадами» её жизнь наконец будет что-то значить.","Райли смотрит вдаль, в глазах огонь."
0673,26:35,26:38,2.6,Ellie's Memory: Riley,308,"Riley believes that with the Fireflies, her life will finally mean something.","Райли верит, что с «Цикадами» её жизнь наконец будет что-то значить.",Кулон на её шее блестит в свете фонаря.
0674,26:38,26:40,2.2,Ellie's Memory: Riley,309,"That night, Riley sneaks Ellie into an abandoned shopping mall.",В ту ночь Райли тайком привела Элли в заброшенный торговый центр.,Две девочки пролезают через решётку в тёмный молл.
0675,26:40,26:42,2.2,Ellie's Memory: Riley,309,"That night, Riley sneaks Ellie into an abandoned shopping mall.",В ту ночь Райли тайком привела Элли в заброшенный торговый центр.,Лучи фонариков мечутся по стенам.
0676,26:42,26:45,2.5,Ellie's Memory: Riley,310,"There, as if on the last night of childhood, they ride the carousel, goof around in a photo booth, and have a water-gun fight.","Там, как будто в последний вечер детства, они катались на карусели, дурачились в фотобудке и устроили битву на водяных пистолетах.","Карусель вспыхивает огоньками, девочки хохочут."
0677,26:45,26:47,2.5,Ellie's Memory: Riley,310,"There, as if on the last night of childhood, they ride the carousel, goof around in a photo booth, and have a water-gun fight.","Там, как будто в последний вечер детства, они катались на карусели, дурачились в фотобудке и устроили битву на водяных пистолетах.",Вспышка фотобудки: смешные рожицы на плёнке.
0678,26:47,26:50,2.5,Ellie's Memory: Riley,310,"There, as if on the last night of childhood, they ride the carousel, goof around in a photo booth, and have a water-gun fight.","Там, как будто в последний вечер детства, они катались на карусели, дурачились в фотобудке и устроили битву на водяных пистолетах.",Брызги воды в свете гирлянд.
0679,26:50,26:52,2.5,Ellie's Memory: Riley,310,"There, as if on the last night of childhood, they ride the carousel, goof around in a photo booth, and have a water-gun fight.","Там, как будто в последний вечер детства, они катались на карусели, дурачились в фотобудке и устроили битву на водяных пистолетах.",Девочки валятся на пол от смеха.
0680,26:52,26:55,2.5,Ellie's Memory: Riley,311,"At a broken arcade machine, Riley acts out the fight on the dead screen while Ellie mashes the buttons and laughs until she cries.","У сломанного игрового автомата Райли в лицах изображает драку героев на экране, а Элли жмёт на кнопки и хохочет до слёз.",Элли колотит по кнопкам автомата с тёмным экраном.
0681,26:55,26:57,2.5,Ellie's Memory: Riley,311,"At a broken arcade machine, Riley acts out the fight on the dead screen while Ellie mashes the buttons and laughs until she cries.","У сломанного игрового автомата Райли в лицах изображает драку героев на экране, а Элли жмёт на кнопки и хохочет до слёз.",На тёмном экране вспыхивают воображаемые бойцы из ярких линий.
0682,26:57,27:00,2.5,Ellie's Memory: Riley,311,"At a broken arcade machine, Riley acts out the fight on the dead screen while Ellie mashes the buttons and laughs until she cries.","У сломанного игрового автомата Райли в лицах изображает драку героев на экране, а Элли жмёт на кнопки и хохочет до слёз.",Райли размахивает руками и изображает удары.
0683,27:00,27:02,2.5,Ellie's Memory: Riley,311,"At a broken arcade machine, Riley acts out the fight on the dead screen while Ellie mashes the buttons and laughs until she cries.","У сломанного игрового автомата Райли в лицах изображает драку героев на экране, а Элли жмёт на кнопки и хохочет до слёз.","Элли смеётся до слёз, держась за живот."
0684,27:02,27:05,3.0,Ellie's Memory: Riley,312,Then Riley tells her she's leaving: the Fireflies are sending her to another city.,"А потом Райли сказала, что уходит: «Цикады» отправляют её в другой город.",Райли опускает глаза.
0685,27:05,27:08,3.0,Ellie's Memory: Riley,312,Then Riley tells her she's leaving: the Fireflies are sending her to another city.,"А потом Райли сказала, что уходит: «Цикады» отправляют её в другой город.",Огоньки карусели гаснут один за другим.
0686,27:08,27:11,2.8,Ellie's Memory: Riley,313,Ellie asks her not to go.,Элли попросила её не уходить.,"Элли держит Райли за руку, в глазах мольба."
0687,27:11,27:13,2.4,Ellie's Memory: Riley,314,And Riley rips the Firefly pendant from her neck — she's staying.,И Райли сорвала с шеи кулон «Цикад» — она осталась.,Райли срывает кулон с шеи.
0688,27:13,27:16,2.4,Ellie's Memory: Riley,314,And Riley rips the Firefly pendant from her neck — she's staying.,И Райли сорвала с шеи кулон «Цикад» — она осталась.,Кулон падает на кафельный пол.
0689,27:16,27:17,1.6,Ellie's Memory: Riley,315,Ellie kisses her.,Элли её поцеловала.,Силуэты двух девочек в свете гирлянд.
0690,27:17,27:19,1.6,Ellie's Memory: Riley,316,But the happiness lasts only a minute.,Но это счастье длилось всего минуту.,За стеклом в темноте мелькают тени.
0691,27:19,27:21,1.6,Ellie's Memory: Riley,316,But the happiness lasts only a minute.,Но это счастье длилось всего минуту.,Где-то в глубине зала раздаётся хрип.
0692,27:21,27:22,1.0,Ellie's Memory: Riley,317,The infected attack them.,На них напали заражённые.,Бегуны врываются в зал.
0693,27:22,27:23,1.0,Ellie's Memory: Riley,317,The infected attack them.,На них напали заражённые.,Девочки бросаются бежать.
0694,27:23,27:24,1.2,Ellie's Memory: Riley,318,Both of them are bitten.,Укусили обеих.,Крупно: рука Элли.
0695,27:24,27:25,1.2,Ellie's Memory: Riley,318,Both of them are bitten.,Укусили обеих.,Крупно: рука Райли.
0696,27:25,27:28,2.8,Ellie's Memory: Riley,319,"They know what comes next, and they decide not to leave each other until the end — to simply wait together.","Они знали, что будет дальше, и решили не расставаться до конца — просто ждать вместе.","Девочки сидят рядом у стены, держась за руки."
0697,27:28,27:31,2.8,Ellie's Memory: Riley,319,"They know what comes next, and they decide not to leave each other until the end — to simply wait together.","Они знали, что будет дальше, и решили не расставаться до конца — просто ждать вместе.",Крупно: их сплетённые пальцы.
0698,27:31,27:33,2.8,Ellie's Memory: Riley,319,"They know what comes next, and they decide not to leave each other until the end — to simply wait together.","Они знали, что будет дальше, и решили не расставаться до конца — просто ждать вместе.",Фонарик гаснет.
0699,27:33,27:36,2.6,Ellie's Memory: Riley,320,"Going crazy together, Riley says, would at least be kind of poetic.","Сойти с ума вдвоём, сказала Райли, — в этом даже есть что-то красивое.",Райли слабо улыбается и сжимает руку Элли.
0700,27:36,27:39,2.6,Ellie's Memory: Riley,320,"Going crazy together, Riley says, would at least be kind of poetic.","Сойти с ума вдвоём, сказала Райли, — в этом даже есть что-то красивое.",Элли кладёт голову Райли на плечо.
0701,27:39,27:41,2.0,Ellie's Memory: Riley,321,Riley didn't make it.,Райли не стало.,"Пустое место у стены, лежит одинокий фонарик."
0702,27:41,27:43,2.0,Ellie's Memory: Riley,322,But Ellie never turned.,А Элли так и не превратилась.,Элли одна смотрит на заживающий укус на руке.
0703,27:43,27:45,2.4,Ellie's Memory: Riley,323,That's how the Fireflies learned about the girl who was immune.,Так «Цикады» и узнали о девочке с иммунитетом.,Марлин склоняется над Элли в полутёмной комнате.
0704,27:45,27:47,2.4,Ellie's Memory: Riley,323,That's how the Fireflies learned about the girl who was immune.,Так «Цикады» и узнали о девочке с иммунитетом.,Марлин рассматривает укус Элли при свете лампы.
0705,27:47,27:50,2.1,Ellie's Memory: Riley,324,Marlene hid her and started looking for a way to get her to the scientists.,Марлин спрятала её и стала искать способ доставить к учёным.,Марлин у окна смотрит на ночной Бостон.
0706,27:50,27:52,2.1,Ellie's Memory: Riley,324,Marlene hid her and started looking for a way to get her to the scientists.,Марлин спрятала её и стала искать способ доставить к учёным.,Элли спит на койке.
0707,27:52,27:54,2.1,Ellie's Memory: Riley,324,Marlene hid her and started looking for a way to get her to the scientists.,Марлин спрятала её и стала искать способ доставить к учёным.,Марлин раскладывает карту с отмеченным маршрутом.
0708,27:54,27:56,2.5,Ellie's Memory: Riley,325,"Back in the present, Ellie finds a first-aid kit and, with shaking hands, stitches up Joel's wound herself.","Вернувшись в настоящее, Элли находит аптечку и сама, дрожащими руками, зашивает рану Джоэла.",Элли находит аптечку в развалинах.
0709,27:56,27:59,2.5,Ellie's Memory: Riley,325,"Back in the present, Ellie finds a first-aid kit and, with shaking hands, stitches up Joel's wound herself.","Вернувшись в настоящее, Элли находит аптечку и сама, дрожащими руками, зашивает рану Джоэла.","Вдевает нитку в иглу, склонившись над Джоэлом."
0710,27:59,28:01,2.5,Ellie's Memory: Riley,325,"Back in the present, Ellie finds a first-aid kit and, with shaking hands, stitches up Joel's wound herself.","Вернувшись в настоящее, Элли находит аптечку и сама, дрожащими руками, зашивает рану Джоэла.",Элли облегчённо выдыхает и вытирает лоб.
0711,28:01,28:03,1.6,Ellie's Memory: Riley,326,She's not going to lose anyone else.,Она не собирается терять ещё одного человека.,Элли держит Джоэла за руку.
0712,28:03,28:05,1.6,Ellie's Memory: Riley,326,She's not going to lose anyone else.,Она не собирается терять ещё одного человека.,За окном начинает падать снег.
0713,28:06,28:06,0.8,Winter: David,327,Winter comes.,Приходит зима.,"Заснеженный лес, заброшенные домики курорта у замёрзшего озера."
0714,28:06,28:07,0.8,Winter: David,327,Winter comes.,Приходит зима.,Снег падает крупными хлопьями.
0715,28:07,28:10,3.1,Winter: David,328,"In the main game, this is the first time we play as Ellie: now she protects Joel, not the other way around.","В основной игре именно здесь мы впервые управляем Элли: теперь она защищает Джоэла, а не он её.","Элли в тёплой куртке, с луком за спиной, выходит в метель."
0716,28:10,28:13,3.1,Winter: David,328,"In the main game, this is the first time we play as Ellie: now she protects Joel, not the other way around.","В основной игре именно здесь мы впервые управляем Элли: теперь она защищает Джоэла, а не он её.",Крупно: её решительное лицо.
0717,28:13,28:16,3.1,Winter: David,328,"In the main game, this is the first time we play as Ellie: now she protects Joel, not the other way around.","В основной игре именно здесь мы впервые управляем Элли: теперь она защищает Джоэла, а не он её.",Снег скрипит под её ботинками.
0718,28:16,28:19,2.8,Winter: David,329,"Joel's wound is infected, he's burning with fever, and without antibiotics he'll die.","Рана Джоэла воспалилась, у него жар, и без антибиотиков он умрёт.",Джоэл в бреду под грудой одеял.
0719,28:19,28:22,2.8,Winter: David,329,"Joel's wound is infected, he's burning with fever, and without antibiotics he'll die.","Рана Джоэла воспалилась, у него жар, и без антибиотиков он умрёт.","Элли меняет ему повязку, закусив губу."
0720,28:22,28:24,1.8,Winter: David,330,Ellie hunts with a bow to find food.,"Элли охотится с луком, чтобы добыть еду.",Элли натягивает тетиву и выдыхает облачко пара.
0721,28:24,28:26,1.8,Winter: David,330,Ellie hunts with a bow to find food.,"Элли охотится с луком, чтобы добыть еду.",Стрела летит сквозь снежную пелену.
0722,28:26,28:28,2.6,Winter: David,331,She wounds a deer and follows its trail for a long time.,Она ранит оленя и долго идёт по его следу.,Стрела свистит между деревьями.
0723,28:28,28:31,2.6,Winter: David,331,She wounds a deer and follows its trail for a long time.,Она ранит оленя и долго идёт по его следу.,"На снегу тянутся следы, Элли идёт по ним."
0724,28:31,28:33,2.4,Winter: David,332,"But by the carcass, two strangers are already waiting for her.",Но возле туши её уже ждут двое незнакомцев.,Двое мужчин в зимних куртках стоят над оленем.
0725,28:33,28:36,2.4,Winter: David,332,"But by the carcass, two strangers are already waiting for her.",Но возле туши её уже ждут двое незнакомцев.,Элли вскидывает лук.
0726,28:36,28:37,1.6,Winter: David,333,The older one introduces himself as David.,Старший представляется Дэвидом.,Мужчина с аккуратной бородой спокойно улыбается.
0727,28:37,28:39,1.6,Winter: David,333,The older one introduces himself as David.,Старший представляется Дэвидом.,"Второй, Джеймс, мрачно молчит у него за спиной."
0728,28:39,28:41,2.6,Winter: David,334,"He says his people are starving, and winter has only just begun.","Он рассказывает, что его община голодает, а зима только началась.","Дэвид кивает в сторону далёких домов, над которыми вьётся дымок."
0729,28:41,28:44,2.6,Winter: David,334,"He says his people are starving, and winter has only just begun.","Он рассказывает, что его община голодает, а зима только началась.",Крупно: Дэвид потирает замёрзшие руки.
0730,28:44,28:47,2.8,Winter: David,335,"He's polite and reasonable, and he offers a trade: the venison for medicine.","Он вежлив, рассудителен и предлагает обмен: оленина в обмен на лекарство.",Дэвид поднимает раскрытые ладони.
0731,28:47,28:50,2.8,Winter: David,335,"He's polite and reasonable, and he offers a trade: the venison for medicine.","Он вежлив, рассудителен и предлагает обмен: оленина в обмен на лекарство.",Крупно: пузырёк с лекарством.
0732,28:50,28:52,2.6,Winter: David,336,"While his companion James goes to fetch the antibiotics, the infected attack.","Пока его спутник Джеймс ходит за антибиотиками, на них нападают заражённые.",Джеймс уходит в метель.
0733,28:52,28:55,2.6,Winter: David,336,"While his companion James goes to fetch the antibiotics, the infected attack.","Пока его спутник Джеймс ходит за антибиотиками, на них нападают заражённые.",Из-за деревьев выбегает толпа бегунов.
0734,28:55,28:57,2.0,Winter: David,337,David and Ellie fight them off back to back.,Дэвид и Элли отбиваются спина к спине.,Дэвид с ружьём и Элли с винтовкой в полутёмной комнате.
0735,28:57,28:59,2.0,Winter: David,337,David and Ellie fight them off back to back.,Дэвид и Элли отбиваются спина к спине.,Они прикрывают друг друга.
0736,28:59,29:01,2.4,Winter: David,338,"It's her first fight without Joel, and she holds her own.","Это её первый бой без Джоэла, и она держится молодцом.",Элли точным выстрелом снимает заражённого.
0737,29:01,29:04,2.4,Winter: David,338,"It's her first fight without Joel, and she holds her own.","Это её первый бой без Джоэла, и она держится молодцом.",Дэвид одобрительно кивает.
0738,29:04,29:06,2.4,Winter: David,339,David clearly admires this girl.,Дэвид явно восхищается этой девочкой.,"Дэвид смотрит на Элли с пристальным, странным интересом."
0739,29:06,29:09,2.9,Winter: David,340,"And then, almost casually, he mentions that the man she's traveling with killed a lot of his people at the university.","А потом будто между делом замечает: мужчина, с которым она путешествует, убил в университете многих его людей.",Дэвид спокойно чистит ружьё.
0740,29:09,29:12,2.9,Winter: David,340,"And then, almost casually, he mentions that the man she's traveling with killed a lot of his people at the university.","А потом будто между делом замечает: мужчина, с которым она путешествует, убил в университете многих его людей.",Флэшбек: бой в университете.
0741,29:12,29:15,2.9,Winter: David,340,"And then, almost casually, he mentions that the man she's traveling with killed a lot of his people at the university.","А потом будто между делом замечает: мужчина, с которым она путешествует, убил в университете многих его людей.",Крупно: холодный взгляд Дэвида.
0742,29:15,29:18,2.8,Winter: David,341,Ellie gets a very bad feeling.,Элли становится не по себе.,Элли медленно пятится к двери.
0743,29:18,29:19,1.8,Winter: David,342,But David lets her go — with the medicine.,Но Дэвид отпускает её вместе с лекарством.,Дэвид отдаёт Элли пузырёк с лекарством.
0744,29:19,29:21,1.8,Winter: David,342,But David lets her go — with the medicine.,Но Дэвид отпускает её вместе с лекарством.,"Элли скачет на лошади сквозь снегопад, прижимая к себе сумку."
0745,29:21,29:24,2.4,Winter: David,343,"Ellie gives Joel the injection, and his fever starts to break.","Элли делает Джоэлу укол, и жар начинает спадать.",Шприц в руке Элли.
0746,29:24,29:26,2.4,Winter: David,343,"Ellie gives Joel the injection, and his fever starts to break.","Элли делает Джоэлу укол, и жар начинает спадать.","Джоэл хмурится во сне, дыхание выравнивается."
0747,29:26,29:28,2.4,Winter: David,344,She sits by his side all night without closing her eyes.,Всю ночь она сидит рядом и не смыкает глаз.,Элли у постели Джоэла с ружьём на коленях.
0748,29:28,29:31,2.4,Winter: David,344,She sits by his side all night without closing her eyes.,Всю ночь она сидит рядом и не смыкает глаз.,Догорает свеча.
0749,29:31,29:33,1.8,Winter: David,345,But David's men are already following her tracks.,Но люди Дэвида уже идут по её следу.,Следы копыт на снегу.
0750,29:33,29:34,1.8,Winter: David,345,But David's men are already following her tracks.,Но люди Дэвида уже идут по её следу.,По ним идёт отряд мужчин с фонарями.
0751,29:34,29:37,2.4,Winter: David,346,Ellie leads them away from the hideout where Joel is sleeping.,"Элли уводит их подальше от убежища, где спит Джоэл.",Элли скачет прочь от дома и оглядывается через плечо.
0752,29:37,29:39,2.4,Winter: David,346,Ellie leads them away from the hideout where Joel is sleeping.,"Элли уводит их подальше от убежища, где спит Джоэл.",Позади неё мелькают фонари преследователей.
0753,29:39,29:42,3.0,Winter: David,347,"She knows that if they find Joel, helpless and feverish, they'll simply kill him.","Она понимает: если они найдут Джоэла, беспомощного и в жару, его просто убьют.",Вспышка: Джоэл без сознания в подвале.
0754,29:42,29:45,3.0,Winter: David,347,"She knows that if they find Joel, helpless and feverish, they'll simply kill him.","Она понимает: если они найдут Джоэла, беспомощного и в жару, его просто убьют.","Элли оглядывается на дом, в окне теплится свеча."
0755,29:45,29:46,0.8,Winter: David,348,They catch her.,Её ловят.,"Лошадь падает, Элли летит в снег."
0756,29:46,29:47,0.8,Winter: David,348,They catch her.,Её ловят.,Над ней нависает тень Дэвида.
0757,29:47,29:50,2.8,Winter: David,349,Ellie wakes up in a cage.,Элли приходит в себя в клетке.,Элли за железными прутьями под тусклой лампой.
0758,29:50,29:52,2.4,Winter: David,350,"On the other side of the wall, someone is chopping meat.",За стеной кто-то рубит мясо.,Тень мясника на стене.
0759,29:52,29:54,2.4,Winter: David,350,"On the other side of the wall, someone is chopping meat.",За стеной кто-то рубит мясо.,Мерный стук тесака.
0760,29:54,29:56,1.8,Winter: David,351,"And suddenly, Ellie realizes whose meat it is.","И Элли вдруг понимает, чьё это мясо.",Крупно: широко распахнутые от ужаса глаза Элли.
0761,29:56,29:58,1.8,Winter: David,351,"And suddenly, Ellie realizes whose meat it is.","И Элли вдруг понимает, чьё это мясо.","Кадр темнеет, стук тесака становится громче."
0762,29:58,30:00,2.0,Winter: David,352,David's people are cannibals.,Люди Дэвида — каннибалы.,"Заснеженный посёлок, над крышами поднимается дым."
0763,30:00,30:03,2.8,Winter: David,353,That's why his community hasn't starved.,Вот почему его община до сих пор не умерла с голоду.,"Пустые миски на столе, тусклый свет."
0764,30:03,30:06,3.0,Winter: David,354,"David comes to the cage and talks to her gently, almost like a father.","Дэвид приходит к клетке и разговаривает с ней мягко, почти по-отечески.",Дэвид сидит на корточках у клетки с миской в руках.
0765,30:06,30:09,3.0,Winter: David,354,"David comes to the cage and talks to her gently, almost like a father.","Дэвид приходит к клетке и разговаривает с ней мягко, почти по-отечески.",Дэвид протягивает миску сквозь прутья.
0766,30:09,30:11,2.4,Winter: David,355,"He wants Ellie to stay with him: they're alike, he says — they both have a violent heart.","Он хочет, чтобы Элли осталась с ним: по его словам, они похожи, у обоих жестокое сердце.","Дэвид говорит, глядя ей прямо в глаза."
0767,30:11,30:14,2.4,Winter: David,355,"He wants Ellie to stay with him: they're alike, he says — they both have a violent heart.","Он хочет, чтобы Элли осталась с ним: по его словам, они похожи, у обоих жестокое сердце.",Дэвид просовывает руку сквозь прутья.
0768,30:14,30:16,2.4,Winter: David,355,"He wants Ellie to stay with him: they're alike, he says — they both have a violent heart.","Он хочет, чтобы Элли осталась с ним: по его словам, они похожи, у обоих жестокое сердце.","Элли медленно подходит к прутьям, будто соглашаясь."
0769,30:16,30:18,1.8,Winter: David,356,Ellie grabs his hand and breaks his finger.,Элли хватает его за руку и ломает ему палец.,"Резкое движение, хруст."
0770,30:18,30:20,1.8,Winter: David,356,Ellie grabs his hand and breaks his finger.,Элли хватает его за руку и ломает ему палец.,Дэвид кричит и отдёргивает руку.
0771,30:20,30:22,2.5,Winter: David,357,And she finally tells him her name — so everyone will know it was Ellie who broke his finger.,"И наконец называет своё имя: пусть все знают, что палец ему сломала Элли.",Элли у прутьев с яростным взглядом.
0772,30:22,30:25,2.5,Winter: David,357,And she finally tells him her name — so everyone will know it was Ellie who broke his finger.,"И наконец называет своё имя: пусть все знают, что палец ему сломала Элли.","Дэвид прижимает к груди покалеченную руку, в глазах ярость."
0773,30:25,30:27,2.5,Winter: David,357,And she finally tells him her name — so everyone will know it was Ellie who broke his finger.,"И наконец называет своё имя: пусть все знают, что палец ему сломала Элли.",Дверь с грохотом захлопывается.
0774,30:27,30:28,1.0,Winter: David,358,"Meanwhile, Joel comes to.",Тем временем Джоэл приходит в себя.,Джоэл открывает глаза.
0775,30:28,30:29,1.0,Winter: David,358,"Meanwhile, Joel comes to.",Тем временем Джоэл приходит в себя.,"В подвале пусто, Элли нигде нет."
0776,30:29,30:31,2.2,Winter: David,359,"Barely able to stand, he sets off to find her.","Едва держась на ногах, он отправляется на поиски.","Джоэл, держась за бок, выходит в метель."
0777,30:31,30:34,2.2,Winter: David,359,"Barely able to stand, he sets off to find her.","Едва держась на ногах, он отправляется на поиски.",Джоэл падает на колено в снег и снова поднимается.
0778,30:34,30:36,2.2,Winter: David,360,He catches two of David's men and makes them talk.,Он ловит двоих людей Дэвида и заставляет их говорить.,Джоэл выслеживает двоих с фонарями у дороги.
0779,30:36,30:38,2.2,Winter: David,360,He catches two of David's men and makes them talk.,Он ловит двоих людей Дэвида и заставляет их говорить.,"Полутёмный подвал, двое связанных пленников."
0780,30:38,30:40,2.0,Winter: David,361,He interrogates them so brutally that it's genuinely frightening.,"Он допрашивает их с такой жестокостью, что становится по-настоящему страшно.",Над ними качается лампа.
0781,30:40,30:42,2.0,Winter: David,361,He interrogates them so brutally that it's genuinely frightening.,"Он допрашивает их с такой жестокостью, что становится по-настоящему страшно.","Тени мечутся по стенам, Джоэла видно только со спины."
0782,30:42,30:44,2.4,Winter: David,362,"Once he gets his answer, he leaves neither of them alive.","Получив ответ, он не оставляет в живых ни одного из них.",Один из пленников торопливо что-то говорит.
0783,30:44,30:47,2.4,Winter: David,362,"Once he gets his answer, he leaves neither of them alive.","Получив ответ, он не оставляет в живых ни одного из них.","Дверь подвала медленно закрывается, лампа гаснет."
0784,30:47,30:49,1.8,Winter: David,363,"To get Ellie back, Joel will do anything.","Чтобы вернуть Элли, Джоэл готов на всё.","Джоэл выходит из подвала в метель, вытирая руки."
0785,30:49,30:50,1.8,Winter: David,363,"To get Ellie back, Joel will do anything.","Чтобы вернуть Элли, Джоэл готов на всё.","Крупно: его взгляд, холодный как лёд."
0786,30:50,30:52,2.0,Winter: David,364,"Meanwhile, Ellie is being dragged to the butcher's table.",А Элли уже тащат на разделочный стол.,Двое мужчин волокут Элли по коридору.
0787,30:52,30:54,2.0,Winter: David,364,"Meanwhile, Ellie is being dragged to the butcher's table.",А Элли уже тащат на разделочный стол.,Элли отчаянно упирается ногами.
0788,30:54,30:57,3.0,Winter: David,365,"At the last moment, she screams that she's infected and shows them her bite.","В последний момент она выкрикивает, что заражена, и показывает укус.",Элли задирает рукав.
0789,30:57,31:00,3.0,Winter: David,365,"At the last moment, she screams that she's infected and shows them her bite.","В последний момент она выкрикивает, что заражена, и показывает укус.",Джеймс отшатывается.
0790,31:00,31:03,2.4,Winter: David,366,James hesitates for a split second — and that's all she needs.,"Джеймс на мгновение теряется, и этого мгновения ей хватает.","Джеймс замирает, глядя на укус."
0791,31:03,31:05,2.4,Winter: David,366,James hesitates for a split second — and that's all she needs.,"Джеймс на мгновение теряется, и этого мгновения ей хватает.",Элли хватает со стола тесак.
0792,31:05,31:07,1.4,Winter: David,367,Ellie kills him and breaks free.,Элли убивает его и вырывается на свободу.,Удар за кадром.
0793,31:07,31:08,1.4,Winter: David,367,Ellie kills him and breaks free.,Элли убивает его и вырывается на свободу.,Элли выбегает на заснеженную улицу.
0794,31:08,31:10,2.4,Winter: David,368,David is right behind her.,Дэвид идёт за ней по пятам.,Дэвид с мачете идёт по снегу.
0795,31:10,31:13,2.6,Winter: David,369,The chase ends in an old restaurant that goes up in flames.,"Погоня заканчивается в старом ресторане, который охватывает пожар.",Деревянный стейк-хаус посреди посёлка.
0796,31:13,31:16,2.6,Winter: David,369,The chase ends in an old restaurant that goes up in flames.,"Погоня заканчивается в старом ресторане, который охватывает пожар.","Огонь охватывает стены, из окон валит дым."
0797,31:16,31:19,3.0,Winter: David,370,"David calls to her softly, almost singing, and that makes it even more terrifying.","Дэвид зовёт её ласково, почти нараспев, и от этого ещё страшнее.",Дэвид медленно идёт между столами.
0798,31:19,31:22,3.0,Winter: David,370,"David calls to her softly, almost singing, and that makes it even more terrifying.","Дэвид зовёт её ласково, почти нараспев, и от этого ещё страшнее.",В отблесках огня поблёскивает лезвие.
0799,31:22,31:24,2.0,Winter: David,371,"Among the burning tables, David hunts her like prey.","Среди горящих столов Дэвид охотится на неё, как на добычу.",Силуэт Дэвида в пламени.
0800,31:24,31:26,2.0,Winter: David,371,"Among the burning tables, David hunts her like prey.","Среди горящих столов Дэвид охотится на неё, как на добычу.","Элли прячется за барной стойкой, зажимая рот."
0801,31:26,31:28,2.2,Winter: David,372,"Ellie wounds him with her knife, but he's much stronger.","Элли ранит его ножом, но он гораздо сильнее.",Элли бьёт ножом из укрытия.
0802,31:28,31:30,2.2,Winter: David,372,"Ellie wounds him with her knife, but he's much stronger.","Элли ранит его ножом, но он гораздо сильнее.",Дэвид хватает её и швыряет на пол.
0803,31:30,31:32,2.0,Winter: David,373,David pins her down and starts to strangle her.,Дэвид наваливается на неё и начинает душить.,"Руки Дэвида на горле Элли, вокруг бушует огонь."
0804,31:32,31:34,2.0,Winter: David,373,David pins her down and starts to strangle her.,Дэвид наваливается на неё и начинает душить.,Крупно: пальцы Элли царапают пол.
0805,31:34,31:36,2.4,Winter: David,374,Ellie's fingers find a machete.,Пальцы Элли нащупывают мачете.,Крупно: рука Элли тянется к рукояти.
0806,31:36,31:39,2.2,Winter: David,375,"She strikes — again and again, even after David is dead.","Она бьёт — снова и снова, даже когда Дэвид уже мёртв.","Размытый кадр, красные отблески огня."
0807,31:39,31:41,2.2,Winter: David,375,"She strikes — again and again, even after David is dead.","Она бьёт — снова и снова, даже когда Дэвид уже мёртв.",Крик Элли.
0808,31:41,31:43,2.4,Winter: David,376,Someone's hands pull her away.,Чьи-то руки оттаскивают её в сторону.,Кто-то хватает Элли за плечи сзади.
0809,31:43,31:45,1.8,Winter: David,377,"Ellie fights back, not realizing who it is.","Элли отбивается, не понимая, кто перед ней.","Элли кричит, зажмурившись."
0810,31:45,31:47,1.8,Winter: David,377,"Ellie fights back, not realizing who it is.","Элли отбивается, не понимая, кто перед ней.",Элли вырывается и замахивается.
0811,31:47,31:48,1.5,Winter: David,378,It's Joel.,Это Джоэл.,Лицо Джоэла в отблесках пламени.
0812,31:48,31:50,2.1,Winter: David,379,"He holds her close and whispers that everything is all right — calling her ""baby girl.""","Он прижимает её к себе и шепчет: всё хорошо, малышка, я рядом.",Джоэл обнимает рыдающую Элли.
0813,31:50,31:53,2.1,Winter: David,379,"He holds her close and whispers that everything is all right — calling her ""baby girl.""","Он прижимает её к себе и шепчет: всё хорошо, малышка, я рядом.",Элли утыкается ему в плечо.
0814,31:53,31:55,2.1,Winter: David,379,"He holds her close and whispers that everything is all right — calling her ""baby girl.""","Он прижимает её к себе и шепчет: всё хорошо, малышка, я рядом.",Сквозь дыру в крыше на них падает снег.
0815,31:55,31:56,1.6,Winter: David,380,That's what he used to call Sarah.,Так он когда-то называл Сару.,Флэшбек: Джоэл обнимает маленькую Сару на диване.
0816,31:56,31:58,1.6,Winter: David,380,That's what he used to call Sarah.,Так он когда-то называл Сару.,"Флэшбек растворяется, снова Джоэл и Элли."
0817,31:58,32:01,2.8,Winter: David,381,"In that moment, he stops seeing Ellie as cargo once and for all.",В этот момент он окончательно перестаёт видеть в Элли груз.,Двое выходят из горящего ресторана.
0818,32:01,32:03,2.8,Winter: David,381,"In that moment, he stops seeing Ellie as cargo once and for all.",В этот момент он окончательно перестаёт видеть в Элли груз.,Джоэл укрывает её своей курткой.
0819,32:03,32:05,1.2,Winter: David,382,She has become his daughter.,Она стала ему дочерью.,Джоэл и Элли уходят по снегу.
0820,32:05,32:06,1.2,Winter: David,382,She has become his daughter.,Она стала ему дочерью.,Их фигуры тают в метели.
0821,32:07,32:08,0.8,Spring: The Giraffes,383,Spring.,Весна.,Цветущие деревья среди руин.
0822,32:08,32:08,0.8,Spring: The Giraffes,383,Spring.,Весна.,По камням журчит ручей.
0823,32:08,32:10,1.6,Spring: The Giraffes,384,Joel and Ellie reach Salt Lake City.,Джоэл и Элли добираются до Солт-Лейк-Сити.,Двое идут по заросшему шоссе к городу.
0824,32:10,32:12,1.6,Spring: The Giraffes,384,Joel and Ellie reach Salt Lake City.,Джоэл и Элли добираются до Солт-Лейк-Сити.,"Панорама города у подножия гор, небоскрёбы в свежей зелени."
0825,32:12,32:14,2.8,Spring: The Giraffes,385,"Somewhere here, at St. Mary's Hospital, the Fireflies should be waiting for them.","Где-то здесь, в больнице Святой Марии, их должны ждать «Цикады».",Вдали над городом виднеется здание больницы.
0826,32:14,32:17,2.8,Spring: The Giraffes,385,"Somewhere here, at St. Mary's Hospital, the Fireflies should be waiting for them.","Где-то здесь, в больнице Святой Марии, их должны ждать «Цикады».",Крупно: вывеска «Больница Святой Марии».
0827,32:17,32:20,2.7,Spring: The Giraffes,386,"Ellie seems like a different person: she barely talks, hardly jokes, and stares off into space for long stretches.","Элли будто подменили: она молчит, почти не шутит и подолгу смотрит в одну точку.","Элли плетётся позади, опустив голову."
0828,32:20,32:23,2.7,Spring: The Giraffes,386,"Ellie seems like a different person: she barely talks, hardly jokes, and stares off into space for long stretches.","Элли будто подменили: она молчит, почти не шутит и подолгу смотрит в одну точку.",Крупно: пустой взгляд в одну точку.
0829,32:23,32:25,2.7,Spring: The Giraffes,386,"Ellie seems like a different person: she barely talks, hardly jokes, and stares off into space for long stretches.","Элли будто подменили: она молчит, почти не шутит и подолгу смотрит в одну точку.",Джоэл оглядывается на неё с тревогой.
0830,32:25,32:28,2.8,Spring: The Giraffes,387,She has been through things no child should ever have to go through.,"Она пережила то, чего не должен переживать ни один ребёнок.",Элли смотрит на свои руки.
0831,32:28,32:31,2.8,Spring: The Giraffes,387,She has been through things no child should ever have to go through.,"Она пережила то, чего не должен переживать ни один ребёнок.",Перед глазами вспыхивает пожар в ресторане.
0832,32:31,32:33,2.2,Spring: The Giraffes,388,Now it's Joel's turn to try to get her talking.,Теперь уже Джоэл пытается её разговорить.,Джоэл оглядывается на неё и замедляет шаг.
0833,32:33,32:35,2.2,Spring: The Giraffes,388,Now it's Joel's turn to try to get her talking.,Теперь уже Джоэл пытается её разговорить.,Джоэл показывает ей на что-то забавное на стене.
0834,32:35,32:38,2.4,Spring: The Giraffes,389,"The roles have reversed: now he's the one cracking jokes and telling stories, while she stays silent.","Роли поменялись: теперь он шутит и рассказывает истории, а она молчит.",Джоэл что-то рассказывает и жестикулирует.
0835,32:38,32:40,2.4,Spring: The Giraffes,389,"The roles have reversed: now he's the one cracking jokes and telling stories, while she stays silent.","Роли поменялись: теперь он шутит и рассказывает истории, а она молчит.",Элли безучастно кивает.
0836,32:40,32:42,2.4,Spring: The Giraffes,389,"The roles have reversed: now he's the one cracking jokes and telling stories, while she stays silent.","Роли поменялись: теперь он шутит и рассказывает истории, а она молчит.","Джоэл неуклюже изображает что-то руками, Элли отводит взгляд."
0837,32:42,32:44,1.8,Spring: The Giraffes,390,"And suddenly, Ellie spots something and rushes ahead.",И вдруг Элли что-то замечает и бросается вперёд.,Элли резко останавливается.
0838,32:44,32:46,1.8,Spring: The Giraffes,390,"And suddenly, Ellie spots something and rushes ahead.",И вдруг Элли что-то замечает и бросается вперёд.,И срывается с места.
0839,32:46,32:47,1.5,Spring: The Giraffes,391,Giraffes.,Жирафы.,По заросшей улице между брошенными машинами идёт стадо жирафов.
0840,32:47,32:49,1.6,Spring: The Giraffes,392,"Ellie freezes, unable to believe her eyes.","Элли замирает, не веря своим глазам.","Крупно: Элли с открытым ртом, в её глазах отражается жираф."
0841,32:49,32:51,1.6,Spring: The Giraffes,392,"Ellie freezes, unable to believe her eyes.","Элли замирает, не веря своим глазам.",Джоэл догоняет её и тоже замирает.
0842,32:51,32:54,3.0,Spring: The Giraffes,393,"Real giraffes that escaped from a zoo long ago, wandering freely through the ruins.","Настоящие жирафы, сбежавшие когда-то из зоопарка, свободно бродят среди руин.",Жираф тянется к листьям на ветке у окна многоэтажки.
0843,32:54,32:57,3.0,Spring: The Giraffes,393,"Real giraffes that escaped from a zoo long ago, wandering freely through the ruins.","Настоящие жирафы, сбежавшие когда-то из зоопарка, свободно бродят среди руин.",Ещё один неспешно переходит улицу.
0844,32:57,32:59,2.3,Spring: The Giraffes,394,"Ellie pets one of them and, for the first time in a long while, truly smiles.",Элли гладит одного из них и впервые за долгое время по-настоящему улыбается.,Элли касается морды жирафа.
0845,32:59,33:01,2.3,Spring: The Giraffes,394,"Ellie pets one of them and, for the first time in a long while, truly smiles.",Элли гладит одного из них и впервые за долгое время по-настоящему улыбается.,Её лицо светится.
0846,33:01,33:03,2.3,Spring: The Giraffes,394,"Ellie pets one of them and, for the first time in a long while, truly smiles.",Элли гладит одного из них и впервые за долгое время по-настоящему улыбается.,Джоэл смотрит на неё издалека и улыбается.
0847,33:03,33:06,2.8,Spring: The Giraffes,395,"It's one of the brightest scenes in the game: in the middle of a dead world, life still goes on.",Это одна из самых светлых сцен игры: посреди мёртвого мира жизнь всё равно продолжается.,"Жирафы щиплют листья у разбитой машины, вокруг летают птицы."
0848,33:06,33:09,2.8,Spring: The Giraffes,395,"It's one of the brightest scenes in the game: in the middle of a dead world, life still goes on.",Это одна из самых светлых сцен игры: посреди мёртвого мира жизнь всё равно продолжается.,Камера взмывает над городом.
0849,33:09,33:12,2.8,Spring: The Giraffes,395,"It's one of the brightest scenes in the game: in the middle of a dead world, life still goes on.",Это одна из самых светлых сцен игры: посреди мёртвого мира жизнь всё равно продолжается.,Солнце пробивается сквозь листву.
0850,33:12,33:14,2.1,Spring: The Giraffes,396,They watch for a long time as the herd wanders off through the green city.,"Они долго смотрят, как стадо уходит вдаль по зелёному городу.","Вид сверху: двое на краю крыши, жирафы в закатном свете."
0851,33:14,33:16,2.1,Spring: The Giraffes,396,They watch for a long time as the herd wanders off through the green city.,"Они долго смотрят, как стадо уходит вдаль по зелёному городу.",Жираф оборачивается напоследок.
0852,33:16,33:18,2.1,Spring: The Giraffes,396,They watch for a long time as the herd wanders off through the green city.,"Они долго смотрят, как стадо уходит вдаль по зелёному городу.","Джоэл и Элли сидят рядом, плечом к плечу."
0853,33:18,33:21,2.4,Spring: The Giraffes,397,Joel says they could turn around and go back to Tommy's.,"Джоэл говорит, что они могут развернуться и вернуться к Томми.","Джоэл медлит, подбирая слова."
0854,33:21,33:23,2.4,Spring: The Giraffes,397,Joel says they could turn around and go back to Tommy's.,"Джоэл говорит, что они могут развернуться и вернуться к Томми.",Джоэл кладёт руку Элли на плечо.
0855,33:23,33:25,1.6,Spring: The Giraffes,398,They don't have to see this through.,Им не обязательно идти до конца.,Крупно: в глазах Джоэла сомнение.
0856,33:25,33:26,1.6,Spring: The Giraffes,398,They don't have to see this through.,Им не обязательно идти до конца.,"Джоэл показывает рукой назад, на дорогу к Томми."
0857,33:26,33:28,2.1,Spring: The Giraffes,399,"But Ellie says that after everything they've been through, it can't all be for nothing.","Но Элли отвечает: после всего, через что они прошли, всё это не может быть напрасно.",Элли смотрит на него решительно.
0858,33:28,33:31,2.1,Spring: The Giraffes,399,"But Ellie says that after everything they've been through, it can't all be for nothing.","Но Элли отвечает: после всего, через что они прошли, всё это не может быть напрасно.","Вспышки: Тесс, Сэм, горящий ресторан."
0859,33:31,33:33,2.1,Spring: The Giraffes,399,"But Ellie says that after everything they've been through, it can't all be for nothing.","Но Элли отвечает: после всего, через что они прошли, всё это не может быть напрасно.",Крупно: её сжатые кулаки.
0860,33:33,33:35,2.4,Spring: The Giraffes,400,And so they keep going.,И они идут дальше.,Двое спускаются к городу.
0861,33:35,33:37,2.0,Spring: The Giraffes,401,"Joel, it seems, was hoping for a different answer.","Кажется, Джоэл надеялся услышать другой ответ.",Джоэл на секунду задерживается и смотрит вслед жирафам.
0862,33:37,33:39,2.0,Spring: The Giraffes,401,"Joel, it seems, was hoping for a different answer.","Кажется, Джоэл надеялся услышать другой ответ.",Джоэл вздыхает и идёт за ней.
0863,33:39,33:41,2.2,Spring: The Giraffes,402,The way to the hospital leads through a flooded tunnel.,Путь к больнице лежит через затопленный тоннель.,"Тёмный тоннель, вода по колено."
0864,33:41,33:43,2.2,Spring: The Giraffes,402,The way to the hospital leads through a flooded tunnel.,Путь к больнице лежит через затопленный тоннель.,"С потолка капает вода, луч фонаря дрожит."
0865,33:43,33:46,3.0,Spring: The Giraffes,403,"Ellie can't swim, so Joel pushes her ahead of him on a wooden pallet.","Элли не умеет плавать, и Джоэл толкает её перед собой на деревянном поддоне.",Элли сидит на деревянном поддоне.
0866,33:46,33:49,3.0,Spring: The Giraffes,403,"Ellie can't swim, so Joel pushes her ahead of him on a wooden pallet.","Элли не умеет плавать, и Джоэл толкает её перед собой на деревянном поддоне.",Джоэл плывёт и толкает его вперёд.
0867,33:49,33:51,1.2,Spring: The Giraffes,404,The current drags Ellie under.,Течение утягивает Элли под воду.,Поддон переворачивается.
0868,33:51,33:52,1.2,Spring: The Giraffes,404,The current drags Ellie under.,Течение утягивает Элли под воду.,Элли исчезает в бурлящей воде.
0869,33:52,33:54,2.4,Spring: The Giraffes,405,"Joel dives in and pulls her out, but she isn't breathing.","Джоэл ныряет и вытаскивает её, но она не дышит.","Джоэл ныряет, подводный кадр."
0870,33:54,33:57,2.4,Spring: The Giraffes,405,"Joel dives in and pulls her out, but she isn't breathing.","Джоэл ныряет и вытаскивает её, но она не дышит.",Он вытаскивает её на берег.
0871,33:57,33:59,2.1,Spring: The Giraffes,406,"He tries to bring her back — and at that moment, a Firefly patrol surrounds them.","Он пытается вернуть её к жизни, и в этот момент их окружает патруль «Цикад».",Джоэл делает искусственное дыхание.
0872,33:59,34:01,2.1,Spring: The Giraffes,406,"He tries to bring her back — and at that moment, a Firefly patrol surrounds them.","Он пытается вернуть её к жизни, и в этот момент их окружает патруль «Цикад».",Крупно: неподвижное лицо Элли.
0873,34:01,34:03,2.1,Spring: The Giraffes,406,"He tries to bring her back — and at that moment, a Firefly patrol surrounds them.","Он пытается вернуть её к жизни, и в этот момент их окружает патруль «Цикад».","Лучи фонарей, люди с автоматами обступают их."
0874,34:03,34:05,1.8,Spring: The Giraffes,407,A rifle butt to the head — and darkness.,Удар прикладом — и темнота.,Сзади к Джоэлу подходит фигура с автоматом.
0875,34:05,34:07,1.8,Spring: The Giraffes,407,A rifle butt to the head — and darkness.,Удар прикладом — и темнота.,"Удар, экран резко гаснет."
0876,34:08,34:09,1.6,The Hospital: The Choice,408,Joel wakes up in a hospital room.,Джоэл приходит в себя в больничной палате.,"Белый свет, капельница."
0877,34:09,34:11,1.6,The Hospital: The Choice,408,Joel wakes up in a hospital room.,Джоэл приходит в себя в больничной палате.,Джоэл щурится.
0878,34:11,34:13,2.4,The Hospital: The Choice,409,Marlene is standing beside him.,Рядом стоит Марлин.,"Марлин у окна, руки скрещены на груди."
0879,34:13,34:15,2.0,The Hospital: The Choice,410,"Ellie is alive: she's here, in the Fireflies' hospital.","Элли жива: она здесь, в госпитале «Цикад».","Коридор больницы, за стеклом мелькают люди в белых халатах."
0880,34:15,34:17,2.0,The Hospital: The Choice,410,"Ellie is alive: she's here, in the Fireflies' hospital.","Элли жива: она здесь, в госпитале «Цикад».",За стеклом Элли на каталке увозят по коридору.
0881,34:17,34:20,2.6,The Hospital: The Choice,411,But what Marlene says next is something Joel is not prepared for.,"Но дальше Марлин говорит то, к чему Джоэл совсем не готов.","Крупно: Марлин медлит, подбирая слова."
0882,34:20,34:22,2.6,The Hospital: The Choice,411,But what Marlene says next is something Joel is not prepared for.,"Но дальше Марлин говорит то, к чему Джоэл совсем не готов.","Джоэл садится на кровати, насторожившись."
0883,34:22,34:25,3.0,The Hospital: The Choice,412,"The fungus inside Ellie has mutated, and that's exactly why it doesn't kill her.","Грибок в теле Элли мутировал, и именно поэтому он её не убивает.","Анимация: мозг, опутанный светящимися нитями гриба."
0884,34:25,34:28,3.0,The Hospital: The Choice,412,"The fungus inside Ellie has mutated, and that's exactly why it doesn't kill her.","Грибок в теле Элли мутировал, и именно поэтому он её не убивает.","Нити в мозге светятся, но не разрушают его."
0885,34:28,34:31,2.6,The Hospital: The Choice,413,The Fireflies' scientists have been searching for someone like her for years.,Учёные «Цикад» годами искали такого человека.,Стопки папок и снимков на столе в лаборатории.
0886,34:31,34:34,2.6,The Hospital: The Choice,413,The Fireflies' scientists have been searching for someone like her for years.,Учёные «Цикад» годами искали такого человека.,Учёные спорят над снимками.
0887,34:34,34:36,2.1,The Hospital: The Choice,414,"To make a vaccine, the doctors have to remove the fungus directly from her brain.","Чтобы создать вакцину, врачам нужно извлечь этот грибок прямо из её мозга.",Операционная: включаются лампы.
0888,34:36,34:38,2.1,The Hospital: The Choice,414,"To make a vaccine, the doctors have to remove the fungus directly from her brain.","Чтобы создать вакцину, врачам нужно извлечь этот грибок прямо из её мозга.",На столике разложены инструменты.
0889,34:38,34:40,2.1,The Hospital: The Choice,414,"To make a vaccine, the doctors have to remove the fungus directly from her brain.","Чтобы создать вакцину, врачам нужно извлечь этот грибок прямо из её мозга.",Хирург моет руки перед операцией.
0890,34:40,34:42,2.4,The Hospital: The Choice,415,Ellie won't survive the surgery.,Элли не переживёт операцию.,Элли без сознания на операционном столе.
0891,34:42,34:45,2.4,The Hospital: The Choice,416,No one even asked her.,Её даже не спросили.,Хирург в маске натягивает перчатки.
0892,34:45,34:47,2.4,The Hospital: The Choice,417,"Marlene is sure Ellie would choose this herself — after all, the survival of humanity is at stake.","Марлин уверена, что Элли сама выбрала бы это — ведь на кону спасение человечества.","Марлин смотрит на Джоэла, голос мягкий, но непреклонный."
0893,34:47,34:50,2.4,The Hospital: The Choice,417,"Marlene is sure Ellie would choose this herself — after all, the survival of humanity is at stake.","Марлин уверена, что Элли сама выбрала бы это — ведь на кону спасение человечества.",Джоэл медленно поднимается с кровати.
0894,34:50,34:52,2.4,The Hospital: The Choice,417,"Marlene is sure Ellie would choose this herself — after all, the survival of humanity is at stake.","Марлин уверена, что Элли сама выбрала бы это — ведь на кону спасение человечества.",Крупно: Марлин отводит взгляд.
0895,34:52,34:54,2.4,The Hospital: The Choice,418,"For the Fireflies, it's a sacrifice for everyone else on Earth.",Для «Цикад» это жертва ради всех остальных людей на Земле.,"Марлин у окна, за стеклом лежит разрушенный город."
0896,34:54,34:57,2.4,The Hospital: The Choice,418,"For the Fireflies, it's a sacrifice for everyone else on Earth.",Для «Цикад» это жертва ради всех остальных людей на Земле.,Схема: одна маленькая фигурка — и тысячи спасённых людей вокруг неё.
0897,34:57,34:59,2.3,The Hospital: The Choice,419,"It's hard for Marlene too: long ago, she promised Ellie's mother she would look after her.",Марлин и самой тяжело: когда-то она обещала матери Элли присматривать за девочкой.,Марлин опускает глаза.
0898,34:59,35:01,2.3,The Hospital: The Choice,419,"It's hard for Marlene too: long ago, she promised Ellie's mother she would look after her.",Марлин и самой тяжело: когда-то она обещала матери Элли присматривать за девочкой.,В руке у неё старая фотография.
0899,35:01,35:04,2.3,The Hospital: The Choice,419,"It's hard for Marlene too: long ago, she promised Ellie's mother she would look after her.",Марлин и самой тяжело: когда-то она обещала матери Элли присматривать за девочкой.,Флэшбек: молодая Марлин держит на руках младенца.
0900,35:04,35:06,2.8,The Hospital: The Choice,420,But the decision has been made.,Но решение принято.,"Табличка «Операционная», над дверью загорается лампа."
0901,35:06,35:09,2.8,The Hospital: The Choice,421,Joel is escorted out under guard.,Джоэла выводят под конвоем.,Боец «Цикад» с автоматом ведёт Джоэла по коридору.
0902,35:09,35:12,2.8,The Hospital: The Choice,422,He has no intention of leaving.,Уходить он не собирается.,"Крупно: Джоэл сжимает кулак, глядя в затылок конвоиру."
0903,35:12,35:15,2.6,The Hospital: The Choice,423,Joel disarms the guard and starts fighting his way through the hospital.,Джоэл обезоруживает конвоира и начинает прорываться через больницу.,"Резкий рывок, короткая схватка."
0904,35:15,35:17,2.6,The Hospital: The Choice,423,Joel disarms the guard and starts fighting his way through the hospital.,Джоэл обезоруживает конвоира и начинает прорываться через больницу.,Джоэл с автоматом в руках.
0905,35:17,35:20,2.5,The Hospital: The Choice,424,"The game gives us no choice: we are Joel, and we have to walk this path with him.","Игра не даёт нам выбора: мы — Джоэл, и нам приходится пройти этот путь вместе с ним.","Вид из-за плеча Джоэла: длинный коридор, мигающие лампы."
0906,35:20,35:22,2.5,The Hospital: The Choice,424,"The game gives us no choice: we are Joel, and we have to walk this path with him.","Игра не даёт нам выбора: мы — Джоэл, и нам приходится пройти этот путь вместе с ним.",Экран на миг становится чёрно-белым.
0907,35:22,35:25,2.5,The Hospital: The Choice,424,"The game gives us no choice: we are Joel, and we have to walk this path with him.","Игра не даёт нам выбора: мы — Джоэл, и нам приходится пройти этот путь вместе с ним.",Джоэл перезаряжает автомат.
0908,35:25,35:27,2.4,The Hospital: The Choice,425,"Floor after floor, he kills everyone who gets in his way.","Этаж за этажом он убивает всех, кто встаёт у него на пути.",Вспышки выстрелов в больничном коридоре.
0909,35:27,35:30,2.4,The Hospital: The Choice,425,"Floor after floor, he kills everyone who gets in his way.","Этаж за этажом он убивает всех, кто встаёт у него на пути.","Лестничный пролёт, Джоэл поднимается выше."
0910,35:30,35:32,2.8,The Hospital: The Choice,426,He bursts into the operating room.,Он врывается в операционную.,"Двери распахиваются, слепящий свет операционных ламп."
0911,35:32,35:36,3.2,The Hospital: The Choice,427,"Ellie lies under anesthesia, unaware of anything.",Элли лежит под наркозом и ничего не знает.,"Элли спит под яркой лампой, на лице кислородная маска."
0912,35:36,35:38,2.4,The Hospital: The Choice,428,"A surgeon stands in front of Ellie, holding up a scalpel.","Хирург заслоняет Элли, выставив перед собой скальпель.",Хирург в маске поднимает скальпель.
0913,35:38,35:40,2.4,The Hospital: The Choice,428,"A surgeon stands in front of Ellie, holding up a scalpel.","Хирург заслоняет Элли, выставив перед собой скальпель.",За его спиной Элли на столе.
0914,35:40,35:42,1.6,The Hospital: The Choice,429,Joel kills him.,Джоэл убивает его.,"Затемнение, звон упавшего скальпеля."
0915,35:42,35:45,2.8,The Hospital: The Choice,430,He unhooks Ellie from the machines and carries her out in his arms.,Он отсоединяет Элли от аппаратов и уносит её на руках.,Джоэл отсоединяет трубки.
0916,35:45,35:48,2.8,The Hospital: The Choice,430,He unhooks Ellie from the machines and carries her out in his arms.,Он отсоединяет Элли от аппаратов и уносит её на руках.,Несёт Элли в больничной рубашке.
0917,35:48,35:50,2.8,The Hospital: The Choice,431,"Behind him, an alarm is blaring.",Позади воет сирена тревоги.,Красные мигающие лампы в коридоре.
0918,35:50,35:53,2.3,The Hospital: The Choice,432,"The shot mirrors the prologue almost exactly: twenty years ago, he carried Sarah the same way.",Этот кадр почти в точности повторяет пролог: двадцать лет назад он так же нёс на руках Сару.,Разделённый экран: Джоэл несёт Сару в 2013-м.
0919,35:53,35:55,2.3,The Hospital: The Choice,432,"The shot mirrors the prologue almost exactly: twenty years ago, he carried Sarah the same way.",Этот кадр почти в точности повторяет пролог: двадцать лет назад он так же нёс на руках Сару.,И Элли в 2034-м — одинаковые позы.
0920,35:55,35:57,2.3,The Hospital: The Choice,432,"The shot mirrors the prologue almost exactly: twenty years ago, he carried Sarah the same way.",Этот кадр почти в точности повторяет пролог: двадцать лет назад он так же нёс на руках Сару.,Два кадра сливаются в один.
0921,35:57,36:00,2.6,The Hospital: The Choice,433,"Only this time, he won't let anyone take his child from him.",Только на этот раз он никому не позволит отнять у него ребёнка.,Крупно: Джоэл прижимает Элли к груди.
0922,36:00,36:02,2.6,The Hospital: The Choice,433,"Only this time, he won't let anyone take his child from him.",Только на этот раз он никому не позволит отнять у него ребёнка.,За ними закрываются двери лифта.
0923,36:02,36:05,2.6,The Hospital: The Choice,434,"In the underground garage, Marlene is waiting for him with a gun.",В подземном гараже его ждёт Марлин с пистолетом.,"Бетонный паркинг, Марлин в свете фар."
0924,36:05,36:08,2.6,The Hospital: The Choice,434,"In the underground garage, Marlene is waiting for him with a gun.",В подземном гараже его ждёт Марлин с пистолетом.,Она целится в Джоэла.
0925,36:08,36:10,2.8,The Hospital: The Choice,435,She pleads with him: it's not too late to do the right thing.,Она уговаривает его одуматься: ещё не поздно поступить правильно.,"Марлин делает шаг вперёд, голос дрожит."
0926,36:10,36:13,2.8,The Hospital: The Choice,435,She pleads with him: it's not too late to do the right thing.,Она уговаривает его одуматься: ещё не поздно поступить правильно.,Крупно: пистолет в её руке дрожит.
0927,36:13,36:15,1.6,The Hospital: The Choice,436,Joel fires first.,Джоэл стреляет первым.,"Вспышка выстрела, Марлин падает."
0928,36:15,36:17,2.4,The Hospital: The Choice,437,"Wounded, Marlene begs for mercy.",Раненая Марлин просит пощады.,Марлин лежит у машины и протягивает руку.
0929,36:17,36:19,2.1,The Hospital: The Choice,438,"But Joel knows that as long as she's alive, the Fireflies will keep hunting Ellie.","Но Джоэл понимает: пока она жива, «Цикады» будут охотиться за Элли.",Джоэл медленно поднимает пистолет.
0930,36:19,36:22,2.1,The Hospital: The Choice,438,"But Joel knows that as long as she's alive, the Fireflies will keep hunting Ellie.","Но Джоэл понимает: пока она жива, «Цикады» будут охотиться за Элли.",Вспышка: вооружённые «Цикады» идут по следу Элли.
0931,36:22,36:24,2.1,The Hospital: The Choice,438,"But Joel knows that as long as she's alive, the Fireflies will keep hunting Ellie.","Но Джоэл понимает: пока она жива, «Цикады» будут охотиться за Элли.","Крупно: глаза Джоэла, в них ни тени сомнения."
0932,36:24,36:26,2.4,The Hospital: The Choice,439,And he finishes her off.,И добивает её.,"Затемнение, одиночный выстрел."
0933,36:26,36:28,2.0,The Hospital: The Choice,440,"Perhaps on this day, humanity lost its only chance.","Возможно, в этот день человечество потеряло свой единственный шанс.",Пустая операционная.
0934,36:28,36:30,2.0,The Hospital: The Choice,440,"Perhaps on this day, humanity lost its only chance.","Возможно, в этот день человечество потеряло свой единственный шанс.",Лампы гаснут одна за другой.
0935,36:30,36:32,2.4,The Hospital: The Choice,441,But Joel saved his girl.,Но Джоэл спас свою девочку.,Машина выезжает из гаража в ночь.
0936,36:32,36:35,2.6,The Hospital: The Choice,442,"And for her, he was ready to burn the whole world down.",И ради неё он был готов сжечь весь мир.,Машина мчится по ночному шоссе.
0937,36:35,36:38,2.6,The Hospital: The Choice,442,"And for her, he was ready to burn the whole world down.",И ради неё он был готов сжечь весь мир.,Позади зарево над больницей.
0938,36:39,36:41,2.2,"The Ending: ""I Swear""",443,Ellie wakes up in the back seat of a car.,Элли просыпается на заднем сиденье машины.,Элли открывает глаза.
0939,36:41,36:43,2.2,"The Ending: ""I Swear""",443,Ellie wakes up in the back seat of a car.,Элли просыпается на заднем сиденье машины.,За окном мелькают деревья.
0940,36:43,36:46,2.8,"The Ending: ""I Swear""",444,She has no idea what happened.,"Она не понимает, что произошло.",Элли в больничной рубашке растерянно оглядывается.
0941,36:46,36:49,3.0,"The Ending: ""I Swear""",445,Joel tells her there turned out to be lots of others like her — dozens.,"Джоэл рассказывает ей, что таких, как она, оказалось много — десятки.","Джоэл за рулём смотрит на дорогу, а не на неё."
0942,36:49,36:52,3.0,"The Ending: ""I Swear""",445,Joel tells her there turned out to be lots of others like her — dozens.,"Джоэл рассказывает ей, что таких, как она, оказалось много — десятки.",Элли в зеркале заднего вида слушает молча.
0943,36:52,36:54,2.4,"The Ending: ""I Swear""",446,"That the vaccine didn't work, and the Fireflies gave up looking.",Что вакцину создать не вышло и «Цикады» бросили поиски.,Крупно: руки Джоэла крепко сжимают руль.
0944,36:54,36:57,2.4,"The Ending: ""I Swear""",446,"That the vaccine didn't work, and the Fireflies gave up looking.",Что вакцину создать не вышло и «Цикады» бросили поиски.,Джоэл ни разу не оборачивается.
0945,36:57,36:59,2.0,"The Ending: ""I Swear""",447,That they're going home.,Что они едут домой.,Машина едет по пустой дороге к горам.
0946,36:59,37:00,1.0,"The Ending: ""I Swear""",448,It's all a lie.,Всё это ложь.,"Резкая тишина, кадр темнеет."
0947,37:00,37:01,1.0,"The Ending: ""I Swear""",448,It's all a lie.,Всё это ложь.,Крупно: треснувшие часы на запястье.
0948,37:01,37:03,2.0,"The Ending: ""I Swear""",449,Joel is convinced it's better for her this way.,"Джоэл уверен, что так будет лучше для неё.",Джоэл бросает быстрый взгляд в зеркало заднего вида на Элли.
0949,37:03,37:05,2.0,"The Ending: ""I Swear""",449,Joel is convinced it's better for her this way.,"Джоэл уверен, что так будет лучше для неё.",Крупно: его губы сжаты в тонкую линию.
0950,37:05,37:07,2.6,"The Ending: ""I Swear""",450,Ellie says nothing and stares out the window for a long time.,Элли ничего не отвечает и долго смотрит в окно.,"Отражение Элли в стекле, за окном проплывают горы."
0951,37:07,37:10,2.6,"The Ending: ""I Swear""",450,Ellie says nothing and stares out the window for a long time.,Элли ничего не отвечает и долго смотрит в окно.,В стекле мелькает дорога.
0952,37:10,37:12,2.4,"The Ending: ""I Swear""",451,They walk the last few miles to Tommy's settlement on foot.,Последние километры до посёлка Томми они идут пешком.,Двое идут по склону холма.
0953,37:12,37:15,2.4,"The Ending: ""I Swear""",451,They walk the last few miles to Tommy's settlement on foot.,Последние километры до посёлка Томми они идут пешком.,Внизу виден посёлок за деревянной стеной.
0954,37:15,37:18,2.8,"The Ending: ""I Swear""",452,"The sun is shining, and ahead lies the valley where Tommy, Maria, and a peaceful life are waiting for them.","Светит солнце, и впереди долина, где их ждут Томми, Мария и спокойная жизнь.","Солнечная долина, за частоколом виден посёлок."
0955,37:18,37:20,2.8,"The Ending: ""I Swear""",452,"The sun is shining, and ahead lies the valley where Tommy, Maria, and a peaceful life are waiting for them.","Светит солнце, и впереди долина, где их ждут Томми, Мария и спокойная жизнь.","Над крышами вьётся дымок, пасутся лошади."
0956,37:20,37:23,2.8,"The Ending: ""I Swear""",452,"The sun is shining, and ahead lies the valley where Tommy, Maria, and a peaceful life are waiting for them.","Светит солнце, и впереди долина, где их ждут Томми, Мария и спокойная жизнь.",Элли и Джоэл останавливаются на пригорке.
0957,37:23,37:25,1.6,"The Ending: ""I Swear""",453,"Suddenly, Ellie stops.",Вдруг Элли останавливается.,Элли замирает посреди тропинки.
0958,37:25,37:28,2.8,"The Ending: ""I Swear""",454,"And she tells Joel about the night she was bitten, together with Riley.","И рассказывает Джоэлу о той ночи, когда её укусили вместе с Райли.",Джоэл оборачивается к ней.
0959,37:28,37:30,2.8,"The Ending: ""I Swear""",454,"And she tells Joel about the night she was bitten, together with Riley.","И рассказывает Джоэлу о той ночи, когда её укусили вместе с Райли.",Короткий флэшбек: две девочки сидят у стены в торговом центре.
0960,37:30,37:32,1.6,"The Ending: ""I Swear""",455,Riley died first.,Райли умерла первой.,Светлый силуэт Райли растворяется в воздухе.
0961,37:32,37:33,1.5,"The Ending: ""I Swear""",456,Then Tess.,Потом Тесс.,Силуэт Тесс растворяется.
0962,37:33,37:35,1.5,"The Ending: ""I Swear""",457,Then Sam.,Потом Сэм.,Силуэт Сэма растворяется.
0963,37:35,37:37,2.4,"The Ending: ""I Swear""",458,"Everyone died, but she's still here — still waiting for her turn.","Все погибли, а она осталась — и до сих пор ждёт своей очереди.","Элли одна посреди поля, ветер колышет траву."
0964,37:37,37:40,2.4,"The Ending: ""I Swear""",458,"Everyone died, but she's still here — still waiting for her turn.","Все погибли, а она осталась — и до сих пор ждёт своей очереди.","Камера поднимается выше, Элли становится крошечной точкой."
0965,37:40,37:42,2.0,"The Ending: ""I Swear""",459,Joel tells her none of it is her fault.,"Джоэл отвечает, что её вины в этом нет.",Джоэл подходит ближе и говорит тихо.
0966,37:42,37:44,2.0,"The Ending: ""I Swear""",459,Joel tells her none of it is her fault.,"Джоэл отвечает, что её вины в этом нет.",Джоэл кладёт руку ей на плечо.
0967,37:44,37:47,2.8,"The Ending: ""I Swear""",460,"He admits that for years he was just surviving — but she, no matter what, always found something to fight for.","Он признаётся: сам он долгие годы просто выживал, а она, несмотря ни на что, всегда находила, за что бороться.","Джоэл смотрит на Элли с нежностью, которой мы от него ещё не видели."
0968,37:47,37:49,2.8,"The Ending: ""I Swear""",460,"He admits that for years he was just surviving — but she, no matter what, always found something to fight for.","Он признаётся: сам он долгие годы просто выживал, а она, несмотря ни на что, всегда находила, за что бороться.","Короткие вспышки: Элли смеётся над шутками, гладит жирафа."
0969,37:49,37:52,2.8,"The Ending: ""I Swear""",460,"He admits that for years he was just surviving — but she, no matter what, always found something to fight for.","Он признаётся: сам он долгие годы просто выживал, а она, несмотря ни на что, всегда находила, за что бороться.","Крупно: Элли слушает, не поднимая глаз."
0970,37:52,37:55,2.9,"The Ending: ""I Swear""",461,Ellie looks him in the eye and asks him to swear that everything he told her about the Fireflies is true.,"Элли смотрит ему в глаза и просит поклясться, что всё, что он рассказал про «Цикад», — правда.",Крупно: в глазах Элли одновременно надежда и сомнение.
0971,37:55,37:58,2.9,"The Ending: ""I Swear""",461,Ellie looks him in the eye and asks him to swear that everything he told her about the Fireflies is true.,"Элли смотрит ему в глаза и просит поклясться, что всё, что он рассказал про «Цикад», — правда.",Камера медленно наезжает.
0972,37:58,38:01,2.9,"The Ending: ""I Swear""",461,Ellie looks him in the eye and asks him to swear that everything he told her about the Fireflies is true.,"Элли смотрит ему в глаза и просит поклясться, что всё, что он рассказал про «Цикад», — правда.","Тишина, слышен только ветер."
0973,38:01,38:03,2.0,"The Ending: ""I Swear""",462,Joel doesn't look away.,Джоэл не отводит взгляда.,"Крупно: лицо Джоэла, ни один мускул не дрогнет."
0974,38:03,38:05,1.8,"The Ending: ""I Swear""",463,He could tell her the truth right now.,Он мог бы сказать правду прямо сейчас.,Крупно: пальцы Джоэла чуть сжимаются.
0975,38:05,38:07,1.8,"The Ending: ""I Swear""",463,He could tell her the truth right now.,Он мог бы сказать правду прямо сейчас.,"Вспышка: операционная, Марлин в гараже."
0976,38:07,38:08,1.5,"The Ending: ""I Swear""",464,"""I swear.""",«Клянусь».,Крупно: губы Джоэла произносят одно слово.
0977,38:08,38:11,3.2,"The Ending: ""I Swear""",465,Ellie is silent for a long moment.,Элли долго молчит.,"Пауза, ветер колышет траву."
0978,38:11,38:12,1.2,"The Ending: ""I Swear""",466,"And then she answers: ""Okay.""",А потом отвечает: «Хорошо».,Элли медленно кивает.
0979,38:12,38:14,1.2,"The Ending: ""I Swear""",466,"And then she answers: ""Okay.""",А потом отвечает: «Хорошо».,"Она идёт вниз к посёлку, Джоэл следом."
0980,38:14,38:15,1.8,"The Ending: ""I Swear""",467,"And with that one word, it all ends.",На этом слове всё и заканчивается.,Чёрный экран.
0981,38:15,38:17,1.8,"The Ending: ""I Swear""",467,"And with that one word, it all ends.",На этом слове всё и заканчивается.,Титр «The Last of Us» медленно проступает и гаснет.
0982,38:18,38:20,2.0,Final Thoughts,468,The game never tells us whether Joel was right.,"Игра так и не говорит, прав ли Джоэл.","Двое стоят на холме над посёлком, вид со спины."
0983,38:20,38:22,2.0,Final Thoughts,468,The game never tells us whether Joel was right.,"Игра так и не говорит, прав ли Джоэл.",Ветер колышет траву у их ног.
0984,38:22,38:25,2.8,Final Thoughts,469,He lied to the person he loves more than anything in the world.,"Он солгал человеку, которого любит больше всего на свете.","Лицо Джоэла: половина в свете, половина в тени."
0985,38:25,38:28,2.8,Final Thoughts,469,He lied to the person he loves more than anything in the world.,"Он солгал человеку, которого любит больше всего на свете.",Крупно: треснувшие часы.
0986,38:28,38:31,2.8,Final Thoughts,470,He made the choice for Ellie — and maybe robbed humanity of a cure.,"Он решил за Элли — и, возможно, лишил человечество лекарства.","Пустая операционная, пыль в луче света."
0987,38:31,38:33,2.8,Final Thoughts,470,He made the choice for Ellie — and maybe robbed humanity of a cure.,"Он решил за Элли — и, возможно, лишил человечество лекарства.",Вспышка: Элли на операционном столе.
0988,38:33,38:36,2.8,Final Thoughts,471,Or maybe not: no one knows whether that vaccine would ever have worked.,"А может быть, и нет: никто не знает, сработала бы эта вакцина.","Пробирка на столе лаборатории, свет медленно гаснет."
0989,38:36,38:39,2.8,Final Thoughts,471,Or maybe not: no one knows whether that vaccine would ever have worked.,"А может быть, и нет: никто не знает, сработала бы эта вакцина.",На запотевшем стекле проступает знак вопроса.
0990,38:39,38:41,2.1,Final Thoughts,472,"But remember how it all began: twenty years ago, his daughter died in his arms.","Но вспомните, с чего всё началось: двадцать лет назад у него на руках умерла дочь.",Флэшбек: треснувшие часы на запястье.
0991,38:41,38:43,2.1,Final Thoughts,472,"But remember how it all began: twenty years ago, his daughter died in his arms.","Но вспомните, с чего всё началось: двадцать лет назад у него на руках умерла дочь.","Ночь эпидемии, зарево над городом."
0992,38:43,38:45,2.1,Final Thoughts,472,"But remember how it all began: twenty years ago, his daughter died in his arms.","Но вспомните, с чего всё началось: двадцать лет назад у него на руках умерла дочь.",Джоэл склоняется над Сарой — кадр из пролога.
0993,38:45,38:48,2.8,Final Thoughts,473,And now fate has put him in front of the same choice again.,И вот судьба снова поставила его перед тем же выбором.,Разделённый экран: Сара и Элли.
0994,38:48,38:51,2.8,Final Thoughts,473,And now fate has put him in front of the same choice again.,И вот судьба снова поставила его перед тем же выбором.,Две половины экрана медленно сливаются.
0995,38:51,38:54,2.8,Final Thoughts,474,"This time, he chose his girl.",На этот раз он выбрал свою девочку.,Джоэл держит Элли за руку.
0996,38:54,38:57,3.2,Final Thoughts,475,Even if it meant lying to her.,Даже если ради этого пришлось солгать ей самой.,"Джоэл и Элли идут рядом, не глядя друг на друга."
0997,38:57,39:00,2.8,Final Thoughts,476,"Remember the family on the roadside, on the first night of the outbreak?",Помните семью на обочине в первую ночь эпидемии?,Флэшбек: фигура с ребёнком в зеркале заднего вида.
0998,39:00,39:03,2.8,Final Thoughts,476,"Remember the family on the roadside, on the first night of the outbreak?",Помните семью на обочине в первую ночь эпидемии?,Мужчина на обочине машет рукой.
0999,39:03,39:05,2.4,Final Thoughts,477,"Joel has always chosen his own, even if it meant leaving the rest of the world behind.","Джоэл всегда выбирал своих, даже если весь остальной мир оставался позади.",Пикап из пролога проносится мимо семьи.
1000,39:05,39:07,2.4,Final Thoughts,477,"Joel has always chosen his own, even if it meant leaving the rest of the world behind.","Джоэл всегда выбирал своих, даже если весь остальной мир оставался позади.","Дорога уходит вдаль, позади горит закат."
1001,39:07,39:10,2.4,Final Thoughts,477,"Joel has always chosen his own, even if it meant leaving the rest of the world behind.","Джоэл всегда выбирал своих, даже если весь остальной мир оставался позади.",Джоэл выносит Элли из больницы — тот же выбор.
1002,39:10,39:13,2.9,Final Thoughts,478,"So who is he: a hero who saved a child, or a selfish man who took away the world's last hope?","Кто он: герой, спасший ребёнка, или эгоист, лишивший мир последней надежды?","Джоэл крупным планом, половина лица в тени."
1003,39:13,39:16,2.9,Final Thoughts,478,"So who is he: a hero who saved a child, or a selfish man who took away the world's last hope?","Кто он: герой, спасший ребёнка, или эгоист, лишивший мир последней надежды?",Свет медленно гаснет.
1004,39:16,39:19,2.9,Final Thoughts,478,"So who is he: a hero who saved a child, or a selfish man who took away the world's last hope?","Кто он: герой, спасший ребёнка, или эгоист, лишивший мир последней надежды?",Лицо Сары сменяется лицом Элли.
1005,39:19,39:20,1.8,Final Thoughts,479,Everyone has to answer that question for themselves.,Каждый отвечает на этот вопрос сам.,"Костёр в ночном лесу — тот же, что и во вступлении."
1006,39:20,39:22,1.8,Final Thoughts,479,Everyone has to answer that question for themselves.,Каждый отвечает на этот вопрос сам.,Искры костра улетают в ночное небо.
1007,39:22,39:24,2.3,Final Thoughts,480,And that's exactly why people love The Last of Us: it isn't a story about zombies.,Именно за это The Last of Us и любят: это не история про зомби.,Щелкун крупным планом — и резкая склейка.
1008,39:24,39:27,2.3,Final Thoughts,480,And that's exactly why people love The Last of Us: it isn't a story about zombies.,Именно за это The Last of Us и любят: это не история про зомби.,"Быстрый монтаж: жирафы, треснувшие часы, горящий ресторан."
1009,39:27,39:29,2.3,Final Thoughts,480,And that's exactly why people love The Last of Us: it isn't a story about zombies.,Именно за это The Last of Us и любят: это не история про зомби.,Джоэл и Элли смеются над шуткой из книжки.
1010,39:29,39:32,2.9,Final Thoughts,481,"It's a story about love, about loss, and about how far a person will go for the ones they care about.","Это история о любви, о потере и о том, на что человек готов пойти ради тех, кто ему дорог.","Джоэл и Элли у костра, тёплый свет на лицах."
1011,39:32,39:35,2.9,Final Thoughts,481,"It's a story about love, about loss, and about how far a person will go for the ones they care about.","Это история о любви, о потере и о том, на что человек готов пойти ради тех, кто ему дорог.","Элли смеётся, Джоэл улыбается в ответ."
1012,39:35,39:38,2.9,Final Thoughts,481,"It's a story about love, about loss, and about how far a person will go for the ones they care about.","Это история о любви, о потере и о том, на что человек готов пойти ради тех, кто ему дорог.",Их силуэты на фоне заката.
1013,39:38,39:39,1.5,Final Thoughts,482,And Ellie?,А Элли?,Элли смотрит вдаль.
1014,39:39,39:42,2.5,Final Thoughts,483,"Many fans feel her ""okay"" sounds like she already suspects the truth, but chooses to believe him anyway.","Многим кажется, что её «хорошо» звучит так, будто она уже догадывается о правде, но решает поверить.",Крупно: Элли опускает взгляд.
1015,39:42,39:44,2.5,Final Thoughts,483,"Many fans feel her ""okay"" sounds like she already suspects the truth, but chooses to believe him anyway.","Многим кажется, что её «хорошо» звучит так, будто она уже догадывается о правде, но решает поверить.",Потом снова поднимает глаза.
1016,39:44,39:47,2.5,Final Thoughts,483,"Many fans feel her ""okay"" sounds like she already suspects the truth, but chooses to believe him anyway.","Многим кажется, что её «хорошо» звучит так, будто она уже догадывается о правде, но решает поверить.",Порыв ветра треплет её волосы.
1017,39:47,39:49,2.1,Final Thoughts,484,That lie will come back to haunt them both — but that's a whole other story.,"Эта ложь ещё аукнется им обоим, но это уже совсем другая история.","Далёкий посёлок, над ним собираются тучи."
1018,39:49,39:51,2.1,Final Thoughts,484,That lie will come back to haunt them both — but that's a whole other story.,"Эта ложь ещё аукнется им обоим, но это уже совсем другая история.",На пыльную дорогу падают первые капли дождя.
1019,39:51,39:53,2.1,Final Thoughts,484,That lie will come back to haunt them both — but that's a whole other story.,"Эта ложь ещё аукнется им обоим, но это уже совсем другая история.",Затемнение.
1020,39:53,39:55,2.2,Final Thoughts,485,The one told in The Last of Us Part II.,Её продолжит The Last of Us Part II.,Титр «Part II» проступает на тёмном фоне.
1021,39:55,39:58,2.2,Final Thoughts,485,The one told in The Last of Us Part II.,Её продолжит The Last of Us Part II.,"Буквы «Part II» трескаются, как стекло часов."
1022,39:58,40:00,1.8,Final Thoughts,486,What would you have done in Joel's place?,А как бы вы поступили на месте Джоэла?,"Чёрный экран, вопрос белыми буквами."
1023,40:00,40:01,1.8,Final Thoughts,486,What would you have done in Joel's place?,А как бы вы поступили на месте Джоэла?,Кадр: Джоэл с Элли на руках в дверях больницы.
1024,40:01,40:04,2.4,Final Thoughts,487,Tell us in the comments.,Напишите об этом в комментариях.,Под вопросом появляется значок комментария.
1025,40:04,40:06,2.0,Final Thoughts,488,And thank you for taking this journey with us.,"И спасибо, что прошли этот путь вместе с нами.","Костёр медленно догорает, экран гаснет."
1026,40:06,40:08,2.0,Final Thoughts,488,And thank you for taking this journey with us.,"И спасибо, что прошли этот путь вместе с нами.",Титр «Thanks for watching».
